"","Datetime","Tide","Feet"
"1",2016-03-01 03:46:00,"Low",-0.2
"2",2016-03-01 10:07:00,"High",0.5
"3",2016-03-01 15:32:00,"Low",0
"4",2016-03-01 21:58:00,"High",0.8
"5",2016-03-02 04:26:00,"Low",-0.2
"6",2016-03-02 10:40:00,"High",0.6
"7",2016-03-02 16:23:00,"Low",-0.1
"8",2016-03-02 22:45:00,"High",0.8
"9",2016-03-03 05:05:00,"Low",-0.1
"10",2016-03-03 11:11:00,"High",0.6
"11",2016-03-03 17:14:00,"Low",-0.1
"12",2016-03-03 23:29:00,"High",0.7
"13",2016-03-04 05:42:00,"Low",-0.1
"14",2016-03-04 11:43:00,"High",0.6
"15",2016-03-04 18:05:00,"Low",-0.1
"16",2016-03-05 00:12:00,"High",0.6
"17",2016-03-05 06:19:00,"Low",0
"18",2016-03-05 12:16:00,"High",0.7
"19",2016-03-05 18:57:00,"Low",-0.1
"20",2016-03-06 00:54:00,"High",0.5
"21",2016-03-06 06:56:00,"Low",0.1
"22",2016-03-06 12:50:00,"High",0.7
"23",2016-03-06 19:53:00,"Low",-0.1
"24",2016-03-07 01:38:00,"High",0.5
"25",2016-03-07 07:35:00,"Low",0.1
"26",2016-03-07 13:28:00,"High",0.6
"27",2016-03-07 20:54:00,"Low",0
"28",2016-03-08 02:26:00,"High",0.4
"29",2016-03-08 08:19:00,"Low",0.2
"30",2016-03-08 14:12:00,"High",0.6
"31",2016-03-08 22:02:00,"Low",0
"32",2016-03-09 03:26:00,"High",0.3
"33",2016-03-09 09:18:00,"Low",0.2
"34",2016-03-09 15:03:00,"High",0.6
"35",2016-03-09 23:12:00,"Low",0
"36",2016-03-10 05:06:00,"High",0.3
"37",2016-03-10 10:34:00,"Low",0.2
"38",2016-03-10 16:06:00,"High",0.6
"39",2016-03-11 00:18:00,"Low",0
"40",2016-03-11 07:54:00,"High",0.3
"41",2016-03-11 11:47:00,"Low",0.2
"42",2016-03-11 17:20:00,"High",0.6
"43",2016-03-12 01:14:00,"Low",0
"44",2016-03-12 08:19:00,"High",0.4
"45",2016-03-12 12:47:00,"Low",0.2
"46",2016-03-12 18:34:00,"High",0.6
"47",2016-03-13 02:00:00,"Low",0
"48",2016-03-13 08:34:00,"High",0.4
"49",2016-03-13 13:37:00,"Low",0.2
"50",2016-03-13 19:34:00,"High",0.6
"51",2016-03-14 02:40:00,"Low",0
"52",2016-03-14 08:54:00,"High",0.4
"53",2016-03-14 14:21:00,"Low",0.1
"54",2016-03-14 20:23:00,"High",0.7
"55",2016-03-15 03:15:00,"Low",-0.1
"56",2016-03-15 09:18:00,"High",0.5
"57",2016-03-15 15:00:00,"Low",0.1
"58",2016-03-15 21:06:00,"High",0.7
"59",2016-03-16 03:46:00,"Low",-0.1
"60",2016-03-16 09:45:00,"High",0.5
"61",2016-03-16 15:37:00,"Low",0
"62",2016-03-16 21:47:00,"High",0.7
"63",2016-03-17 04:14:00,"Low",0
"64",2016-03-17 10:13:00,"High",0.6
"65",2016-03-17 16:14:00,"Low",0
"66",2016-03-17 22:27:00,"High",0.7
"67",2016-03-18 04:41:00,"Low",0
"68",2016-03-18 10:43:00,"High",0.6
"69",2016-03-18 16:53:00,"Low",-0.1
"70",2016-03-18 23:09:00,"High",0.7
"71",2016-03-19 05:08:00,"Low",0
"72",2016-03-19 11:15:00,"High",0.7
"73",2016-03-19 17:34:00,"Low",-0.1
"74",2016-03-19 23:52:00,"High",0.6
"75",2016-03-20 05:36:00,"Low",0.1
"76",2016-03-20 11:48:00,"High",0.7
"77",2016-03-20 18:21:00,"Low",-0.1
"78",2016-03-21 00:38:00,"High",0.6
"79",2016-03-21 06:06:00,"Low",0.1
"80",2016-03-21 12:25:00,"High",0.7
"81",2016-03-21 19:14:00,"Low",-0.1
"82",2016-03-22 01:29:00,"High",0.5
"83",2016-03-22 06:40:00,"Low",0.1
"84",2016-03-22 13:07:00,"High",0.8
"85",2016-03-22 20:17:00,"Low",-0.1
"86",2016-03-23 02:27:00,"High",0.4
"87",2016-03-23 07:22:00,"Low",0.2
"88",2016-03-23 13:56:00,"High",0.7
"89",2016-03-23 21:31:00,"Low",-0.1
"90",2016-03-24 03:41:00,"High",0.4
"91",2016-03-24 08:21:00,"Low",0.2
"92",2016-03-24 14:56:00,"High",0.7
"93",2016-03-24 22:49:00,"Low",-0.1
"94",2016-03-25 05:22:00,"High",0.4
"95",2016-03-25 09:52:00,"Low",0.3
"96",2016-03-25 16:10:00,"High",0.7
"97",2016-03-26 00:00:00,"Low",-0.1
"98",2016-03-26 06:55:00,"High",0.4
"99",2016-03-26 11:25:00,"Low",0.2
"100",2016-03-26 17:37:00,"High",0.7
"101",2016-03-27 01:00:00,"Low",-0.1
"102",2016-03-27 07:50:00,"High",0.4
"103",2016-03-27 12:39:00,"Low",0.2
"104",2016-03-27 19:00:00,"High",0.7
"105",2016-03-28 01:51:00,"Low",-0.1
"106",2016-03-28 08:29:00,"High",0.5
"107",2016-03-28 13:42:00,"Low",0.1
"108",2016-03-28 20:09:00,"High",0.7
"109",2016-03-29 02:36:00,"Low",-0.1
"110",2016-03-29 09:03:00,"High",0.6
"111",2016-03-29 14:37:00,"Low",0
"112",2016-03-29 21:05:00,"High",0.7
"113",2016-03-30 03:16:00,"Low",-0.1
"114",2016-03-30 09:34:00,"High",0.6
"115",2016-03-30 15:28:00,"Low",-0.1
"116",2016-03-30 21:54:00,"High",0.7
"117",2016-03-31 03:54:00,"Low",0
"118",2016-03-31 10:04:00,"High",0.7
"119",2016-03-31 16:16:00,"Low",-0.1
"120",2016-03-31 22:38:00,"High",0.7
"121",2016-04-01 03:46:00,"Low",-0.2
"122",2016-04-01 10:07:00,"High",0.5
"123",2016-04-01 15:32:00,"Low",0
"124",2016-04-01 21:58:00,"High",0.8
"125",2016-04-02 04:26:00,"Low",-0.2
"126",2016-04-02 10:40:00,"High",0.6
"127",2016-04-02 16:23:00,"Low",-0.1
"128",2016-04-02 22:45:00,"High",0.8
"129",2016-04-03 05:05:00,"Low",-0.1
"130",2016-04-03 11:11:00,"High",0.6
"131",2016-04-03 17:14:00,"Low",-0.1
"132",2016-04-03 23:29:00,"High",0.7
"133",2016-04-04 05:42:00,"Low",-0.1
"134",2016-04-04 11:43:00,"High",0.6
"135",2016-04-04 18:05:00,"Low",-0.1
"136",2016-04-05 00:12:00,"High",0.6
"137",2016-04-05 06:19:00,"Low",0
"138",2016-04-05 12:16:00,"High",0.7
"139",2016-04-05 18:57:00,"Low",-0.1
"140",2016-04-06 00:54:00,"High",0.5
"141",2016-04-06 06:56:00,"Low",0.1
"142",2016-04-06 12:50:00,"High",0.7
"143",2016-04-06 19:53:00,"Low",-0.1
"144",2016-04-07 01:38:00,"High",0.5
"145",2016-04-07 07:35:00,"Low",0.1
"146",2016-04-07 13:28:00,"High",0.6
"147",2016-04-07 20:54:00,"Low",0
"148",2016-04-08 02:26:00,"High",0.4
"149",2016-04-08 08:19:00,"Low",0.2
"150",2016-04-08 14:12:00,"High",0.6
"151",2016-04-08 22:02:00,"Low",0
"152",2016-04-09 03:26:00,"High",0.3
"153",2016-04-09 09:18:00,"Low",0.2
"154",2016-04-09 15:03:00,"High",0.6
"155",2016-04-09 23:12:00,"Low",0
"156",2016-04-10 05:06:00,"High",0.3
"157",2016-04-10 10:34:00,"Low",0.2
"158",2016-04-10 16:06:00,"High",0.6
"159",2016-04-11 00:18:00,"Low",0
"160",2016-04-11 07:54:00,"High",0.3
"161",2016-04-11 11:47:00,"Low",0.2
"162",2016-04-11 17:20:00,"High",0.6
"163",2016-04-12 01:14:00,"Low",0
"164",2016-04-12 08:19:00,"High",0.4
"165",2016-04-12 12:47:00,"Low",0.2
"166",2016-04-12 18:34:00,"High",0.6
"167",2016-04-13 02:00:00,"Low",0
"168",2016-04-13 08:34:00,"High",0.4
"169",2016-04-13 13:37:00,"Low",0.2
"170",2016-04-13 19:34:00,"High",0.6
"171",2016-04-14 02:40:00,"Low",0
"172",2016-04-14 08:54:00,"High",0.4
"173",2016-04-14 14:21:00,"Low",0.1
"174",2016-04-14 20:23:00,"High",0.7
"175",2016-04-15 03:15:00,"Low",-0.1
"176",2016-04-15 09:18:00,"High",0.5
"177",2016-04-15 15:00:00,"Low",0.1
"178",2016-04-15 21:06:00,"High",0.7
"179",2016-04-16 03:46:00,"Low",-0.1
"180",2016-04-16 09:45:00,"High",0.5
"181",2016-04-16 15:37:00,"Low",0
"182",2016-04-16 21:47:00,"High",0.7
"183",2016-04-17 04:14:00,"Low",0
"184",2016-04-17 10:13:00,"High",0.6
"185",2016-04-17 16:14:00,"Low",0
"186",2016-04-17 22:27:00,"High",0.7
"187",2016-04-18 04:41:00,"Low",0
"188",2016-04-18 10:43:00,"High",0.6
"189",2016-04-18 16:53:00,"Low",-0.1
"190",2016-04-18 23:09:00,"High",0.7
"191",2016-04-19 05:08:00,"Low",0
"192",2016-04-19 11:15:00,"High",0.7
"193",2016-04-19 17:34:00,"Low",-0.1
"194",2016-04-19 23:52:00,"High",0.6
"195",2016-04-20 05:36:00,"Low",0.1
"196",2016-04-20 11:48:00,"High",0.7
"197",2016-04-20 18:21:00,"Low",-0.1
"198",2016-04-21 00:38:00,"High",0.6
"199",2016-04-21 06:06:00,"Low",0.1
"200",2016-04-21 12:25:00,"High",0.7
"201",2016-04-21 19:14:00,"Low",-0.1
"202",2016-04-22 01:29:00,"High",0.5
"203",2016-04-22 06:40:00,"Low",0.1
"204",2016-04-22 13:07:00,"High",0.8
"205",2016-04-22 20:17:00,"Low",-0.1
"206",2016-04-23 02:27:00,"High",0.4
"207",2016-04-23 07:22:00,"Low",0.2
"208",2016-04-23 13:56:00,"High",0.7
"209",2016-04-23 21:31:00,"Low",-0.1
"210",2016-04-24 03:41:00,"High",0.4
"211",2016-04-24 08:21:00,"Low",0.2
"212",2016-04-24 14:56:00,"High",0.7
"213",2016-04-24 22:49:00,"Low",-0.1
"214",2016-04-25 05:22:00,"High",0.4
"215",2016-04-25 09:52:00,"Low",0.3
"216",2016-04-25 16:10:00,"High",0.7
"217",2016-04-26 00:00:00,"Low",-0.1
"218",2016-04-26 06:55:00,"High",0.4
"219",2016-04-26 11:25:00,"Low",0.2
"220",2016-04-26 17:37:00,"High",0.7
"221",2016-04-27 01:00:00,"Low",-0.1
"222",2016-04-27 07:50:00,"High",0.4
"223",2016-04-27 12:39:00,"Low",0.2
"224",2016-04-27 19:00:00,"High",0.7
"225",2016-04-28 01:51:00,"Low",-0.1
"226",2016-04-28 08:29:00,"High",0.5
"227",2016-04-28 13:42:00,"Low",0.1
"228",2016-04-28 20:09:00,"High",0.7
"229",2016-04-29 02:36:00,"Low",-0.1
"230",2016-04-29 09:03:00,"High",0.6
"231",2016-04-29 14:37:00,"Low",0
"232",2016-04-29 21:05:00,"High",0.7
"233",2016-04-30 03:16:00,"Low",-0.1
"234",2016-04-30 09:34:00,"High",0.6
"235",2016-04-30 15:28:00,"Low",-0.1
"236",2016-04-30 21:54:00,"High",0.7
"241",2016-05-01 03:46:00,"Low",-0.2
"242",2016-05-01 10:07:00,"High",0.5
"243",2016-05-01 15:32:00,"Low",0
"244",2016-05-01 21:58:00,"High",0.8
"245",2016-05-02 04:26:00,"Low",-0.2
"246",2016-05-02 10:40:00,"High",0.6
"247",2016-05-02 16:23:00,"Low",-0.1
"248",2016-05-02 22:45:00,"High",0.8
"249",2016-05-03 05:05:00,"Low",-0.1
"250",2016-05-03 11:11:00,"High",0.6
"251",2016-05-03 17:14:00,"Low",-0.1
"252",2016-05-03 23:29:00,"High",0.7
"253",2016-05-04 05:42:00,"Low",-0.1
"254",2016-05-04 11:43:00,"High",0.6
"255",2016-05-04 18:05:00,"Low",-0.1
"256",2016-05-05 00:12:00,"High",0.6
"257",2016-05-05 06:19:00,"Low",0
"258",2016-05-05 12:16:00,"High",0.7
"259",2016-05-05 18:57:00,"Low",-0.1
"260",2016-05-06 00:54:00,"High",0.5
"261",2016-05-06 06:56:00,"Low",0.1
"262",2016-05-06 12:50:00,"High",0.7
"263",2016-05-06 19:53:00,"Low",-0.1
"264",2016-05-07 01:38:00,"High",0.5
"265",2016-05-07 07:35:00,"Low",0.1
"266",2016-05-07 13:28:00,"High",0.6
"267",2016-05-07 20:54:00,"Low",0
"268",2016-05-08 02:26:00,"High",0.4
"269",2016-05-08 08:19:00,"Low",0.2
"270",2016-05-08 14:12:00,"High",0.6
"271",2016-05-08 22:02:00,"Low",0
"272",2016-05-09 03:26:00,"High",0.3
"273",2016-05-09 09:18:00,"Low",0.2
"274",2016-05-09 15:03:00,"High",0.6
"275",2016-05-09 23:12:00,"Low",0
"276",2016-05-10 05:06:00,"High",0.3
"277",2016-05-10 10:34:00,"Low",0.2
"278",2016-05-10 16:06:00,"High",0.6
"279",2016-05-11 00:18:00,"Low",0
"280",2016-05-11 07:54:00,"High",0.3
"281",2016-05-11 11:47:00,"Low",0.2
"282",2016-05-11 17:20:00,"High",0.6
"283",2016-05-12 01:14:00,"Low",0
"284",2016-05-12 08:19:00,"High",0.4
"285",2016-05-12 12:47:00,"Low",0.2
"286",2016-05-12 18:34:00,"High",0.6
"287",2016-05-13 02:00:00,"Low",0
"288",2016-05-13 08:34:00,"High",0.4
"289",2016-05-13 13:37:00,"Low",0.2
"290",2016-05-13 19:34:00,"High",0.6
"291",2016-05-14 02:40:00,"Low",0
"292",2016-05-14 08:54:00,"High",0.4
"293",2016-05-14 14:21:00,"Low",0.1
"294",2016-05-14 20:23:00,"High",0.7
"295",2016-05-15 03:15:00,"Low",-0.1
"296",2016-05-15 09:18:00,"High",0.5
"297",2016-05-15 15:00:00,"Low",0.1
"298",2016-05-15 21:06:00,"High",0.7
"299",2016-05-16 03:46:00,"Low",-0.1
"300",2016-05-16 09:45:00,"High",0.5
"301",2016-05-16 15:37:00,"Low",0
"302",2016-05-16 21:47:00,"High",0.7
"303",2016-05-17 04:14:00,"Low",0
"304",2016-05-17 10:13:00,"High",0.6
"305",2016-05-17 16:14:00,"Low",0
"306",2016-05-17 22:27:00,"High",0.7
"307",2016-05-18 04:41:00,"Low",0
"308",2016-05-18 10:43:00,"High",0.6
"309",2016-05-18 16:53:00,"Low",-0.1
"310",2016-05-18 23:09:00,"High",0.7
"311",2016-05-19 05:08:00,"Low",0
"312",2016-05-19 11:15:00,"High",0.7
"313",2016-05-19 17:34:00,"Low",-0.1
"314",2016-05-19 23:52:00,"High",0.6
"315",2016-05-20 05:36:00,"Low",0.1
"316",2016-05-20 11:48:00,"High",0.7
"317",2016-05-20 18:21:00,"Low",-0.1
"318",2016-05-21 00:38:00,"High",0.6
"319",2016-05-21 06:06:00,"Low",0.1
"320",2016-05-21 12:25:00,"High",0.7
"321",2016-05-21 19:14:00,"Low",-0.1
"322",2016-05-22 01:29:00,"High",0.5
"323",2016-05-22 06:40:00,"Low",0.1
"324",2016-05-22 13:07:00,"High",0.8
"325",2016-05-22 20:17:00,"Low",-0.1
"326",2016-05-23 02:27:00,"High",0.4
"327",2016-05-23 07:22:00,"Low",0.2
"328",2016-05-23 13:56:00,"High",0.7
"329",2016-05-23 21:31:00,"Low",-0.1
"330",2016-05-24 03:41:00,"High",0.4
"331",2016-05-24 08:21:00,"Low",0.2
"332",2016-05-24 14:56:00,"High",0.7
"333",2016-05-24 22:49:00,"Low",-0.1
"334",2016-05-25 05:22:00,"High",0.4
"335",2016-05-25 09:52:00,"Low",0.3
"336",2016-05-25 16:10:00,"High",0.7
"337",2016-05-26 00:00:00,"Low",-0.1
"338",2016-05-26 06:55:00,"High",0.4
"339",2016-05-26 11:25:00,"Low",0.2
"340",2016-05-26 17:37:00,"High",0.7
"341",2016-05-27 01:00:00,"Low",-0.1
"342",2016-05-27 07:50:00,"High",0.4
"343",2016-05-27 12:39:00,"Low",0.2
"344",2016-05-27 19:00:00,"High",0.7
"345",2016-05-28 01:51:00,"Low",-0.1
"346",2016-05-28 08:29:00,"High",0.5
"347",2016-05-28 13:42:00,"Low",0.1
"348",2016-05-28 20:09:00,"High",0.7
"349",2016-05-29 02:36:00,"Low",-0.1
"350",2016-05-29 09:03:00,"High",0.6
"351",2016-05-29 14:37:00,"Low",0
"352",2016-05-29 21:05:00,"High",0.7
"353",2016-05-30 03:16:00,"Low",-0.1
"354",2016-05-30 09:34:00,"High",0.6
"355",2016-05-30 15:28:00,"Low",-0.1
"356",2016-05-30 21:54:00,"High",0.7
"357",2016-05-31 03:54:00,"Low",0
"358",2016-05-31 10:04:00,"High",0.7
"359",2016-05-31 16:16:00,"Low",-0.1
"360",2016-05-31 22:38:00,"High",0.7
"361",2016-04-01 04:59:00,"High",0.4
"362",2016-04-01 10:04:00,"Low",0.3
"363",2016-04-01 16:19:00,"High",0.6
"364",2016-04-02 00:05:00,"Low",0
"365",2016-04-02 06:16:00,"High",0.4
"366",2016-04-02 11:38:00,"Low",0.2
"367",2016-04-02 17:36:00,"High",0.6
"368",2016-04-03 00:56:00,"Low",0
"369",2016-04-03 07:11:00,"High",0.5
"370",2016-04-03 12:45:00,"Low",0.2
"371",2016-04-03 18:50:00,"High",0.7
"372",2016-04-04 01:40:00,"Low",0
"373",2016-04-04 07:53:00,"High",0.5
"374",2016-04-04 13:41:00,"Low",0.1
"375",2016-04-04 19:55:00,"High",0.7
"376",2016-04-05 02:20:00,"Low",0
"377",2016-04-05 08:32:00,"High",0.6
"378",2016-04-05 14:34:00,"Low",0
"379",2016-04-05 20:53:00,"High",0.7
"380",2016-04-06 02:59:00,"Low",0
"381",2016-04-06 09:10:00,"High",0.7
"382",2016-04-06 15:24:00,"Low",-0.1
"383",2016-04-06 21:47:00,"High",0.7
"384",2016-04-07 03:38:00,"Low",0
"385",2016-04-07 09:48:00,"High",0.8
"386",2016-04-07 16:14:00,"Low",-0.2
"387",2016-04-07 22:38:00,"High",0.7
"388",2016-04-08 04:16:00,"Low",0
"389",2016-04-08 10:27:00,"High",0.9
"390",2016-04-08 17:05:00,"Low",-0.2
"391",2016-04-08 23:28:00,"High",0.6
"392",2016-04-09 04:56:00,"Low",0.1
"393",2016-04-09 11:08:00,"High",0.9
"394",2016-04-09 17:58:00,"Low",-0.2
"395",2016-04-10 00:18:00,"High",0.6
"396",2016-04-10 05:38:00,"Low",0.1
"397",2016-04-10 11:51:00,"High",0.9
"398",2016-04-10 18:53:00,"Low",-0.2
"399",2016-04-11 01:10:00,"High",0.5
"400",2016-04-11 06:23:00,"Low",0.1
"401",2016-04-11 12:38:00,"High",0.9
"402",2016-04-11 19:53:00,"Low",-0.1
"403",2016-04-12 02:07:00,"High",0.5
"404",2016-04-12 07:17:00,"Low",0.2
"405",2016-04-12 13:28:00,"High",0.8
"406",2016-04-12 20:58:00,"Low",-0.1
"407",2016-04-13 03:15:00,"High",0.4
"408",2016-04-13 08:24:00,"Low",0.2
"409",2016-04-13 14:25:00,"High",0.7
"410",2016-04-13 22:07:00,"Low",0
"411",2016-04-14 04:48:00,"High",0.4
"412",2016-04-14 09:47:00,"Low",0.3
"413",2016-04-14 15:35:00,"High",0.7
"414",2016-04-14 23:13:00,"Low",0
"415",2016-04-15 06:19:00,"High",0.4
"416",2016-04-15 11:08:00,"Low",0.2
"417",2016-04-15 17:03:00,"High",0.6
"418",2016-04-16 00:11:00,"Low",0
"419",2016-04-16 07:15:00,"High",0.5
"420",2016-04-16 12:18:00,"Low",0.2
"421",2016-04-16 18:35:00,"High",0.6
"422",2016-04-17 01:02:00,"Low",0.1
"423",2016-04-17 07:51:00,"High",0.5
"424",2016-04-17 13:17:00,"Low",0.1
"425",2016-04-17 19:43:00,"High",0.6
"426",2016-04-18 01:45:00,"Low",0.1
"427",2016-04-18 08:16:00,"High",0.6
"428",2016-04-18 14:07:00,"Low",0.1
"429",2016-04-18 20:31:00,"High",0.6
"430",2016-04-19 02:23:00,"Low",0.1
"431",2016-04-19 08:37:00,"High",0.6
"432",2016-04-19 14:50:00,"Low",0
"433",2016-04-19 21:08:00,"High",0.6
"434",2016-04-20 02:58:00,"Low",0.1
"435",2016-04-20 08:58:00,"High",0.7
"436",2016-04-20 15:31:00,"Low",0
"437",2016-04-20 21:41:00,"High",0.6
"438",2016-04-21 03:30:00,"Low",0.1
"439",2016-04-21 09:23:00,"High",0.7
"440",2016-04-21 16:09:00,"Low",-0.1
"441",2016-04-21 22:14:00,"High",0.6
"442",2016-04-22 04:00:00,"Low",0.1
"443",2016-04-22 09:52:00,"High",0.8
"444",2016-04-22 16:45:00,"Low",-0.1
"445",2016-04-22 22:48:00,"High",0.6
"446",2016-04-23 04:27:00,"Low",0.2
"447",2016-04-23 10:23:00,"High",0.8
"448",2016-04-23 17:21:00,"Low",-0.1
"449",2016-04-23 23:23:00,"High",0.6
"450",2016-04-24 04:52:00,"Low",0.2
"451",2016-04-24 10:57:00,"High",0.8
"452",2016-04-24 17:57:00,"Low",-0.1
"453",2016-04-25 00:02:00,"High",0.5
"454",2016-04-25 05:15:00,"Low",0.2
"455",2016-04-25 11:32:00,"High",0.8
"456",2016-04-25 18:36:00,"Low",0
"457",2016-04-26 00:44:00,"High",0.5
"458",2016-04-26 05:39:00,"Low",0.2
"459",2016-04-26 12:10:00,"High",0.8
"460",2016-04-26 19:20:00,"Low",0
"461",2016-04-27 01:29:00,"High",0.5
"462",2016-04-27 06:08:00,"Low",0.3
"463",2016-04-27 12:52:00,"High",0.7
"464",2016-04-27 20:12:00,"Low",0
"465",2016-04-28 02:22:00,"High",0.5
"466",2016-04-28 06:50:00,"Low",0.3
"467",2016-04-28 13:41:00,"High",0.7
"468",2016-04-28 21:12:00,"Low",0
"469",2016-04-29 03:21:00,"High",0.4
"470",2016-04-29 08:00:00,"Low",0.3
"471",2016-04-29 14:39:00,"High",0.7
"472",2016-04-29 22:17:00,"Low",0
"473",2016-04-30 04:26:00,"High",0.5
"474",2016-04-30 09:50:00,"Low",0.3
"475",2016-04-30 15:49:00,"High",0.7
"476",2016-04-30 23:16:00,"Low",0.1
"477",2016-05-01 05:29:00,"High",0.5
"478",2016-05-01 11:21:00,"Low",0.2
"479",2016-05-01 17:08:00,"High",0.6
"480",2016-05-02 00:08:00,"Low",0.1
"481",2016-05-02 06:23:00,"High",0.6
"482",2016-05-02 12:31:00,"Low",0.1
"483",2016-05-02 18:28:00,"High",0.6
"484",2016-05-03 00:55:00,"Low",0.1
"485",2016-05-03 07:09:00,"High",0.7
"486",2016-05-03 13:30:00,"Low",0
"487",2016-05-03 19:41:00,"High",0.6
"488",2016-05-04 01:38:00,"Low",0.1
"489",2016-05-04 07:52:00,"High",0.8
"490",2016-05-04 14:23:00,"Low",-0.1
"491",2016-05-04 20:44:00,"High",0.6
"492",2016-05-05 02:21:00,"Low",0.1
"493",2016-05-05 08:34:00,"High",0.8
"494",2016-05-05 15:15:00,"Low",-0.2
"495",2016-05-05 21:40:00,"High",0.6
"496",2016-05-06 03:02:00,"Low",0.1
"497",2016-05-06 09:16:00,"High",0.9
"498",2016-05-06 16:05:00,"Low",-0.2
"499",2016-05-06 22:32:00,"High",0.6
"500",2016-05-07 03:44:00,"Low",0.1
"501",2016-05-07 09:59:00,"High",1
"502",2016-05-07 16:55:00,"Low",-0.2
"503",2016-05-07 23:22:00,"High",0.6
"504",2016-05-08 04:27:00,"Low",0.1
"505",2016-05-08 10:43:00,"High",1
"506",2016-05-08 17:46:00,"Low",-0.2
"507",2016-05-09 00:10:00,"High",0.6
"508",2016-05-09 05:13:00,"Low",0.2
"509",2016-05-09 11:28:00,"High",0.9
"510",2016-05-09 18:39:00,"Low",-0.2
"511",2016-05-10 01:00:00,"High",0.5
"512",2016-05-10 06:02:00,"Low",0.2
"513",2016-05-10 12:15:00,"High",0.9
"514",2016-05-10 19:35:00,"Low",-0.1
"515",2016-05-11 01:53:00,"High",0.5
"516",2016-05-11 07:00:00,"Low",0.2
"517",2016-05-11 13:05:00,"High",0.8
"518",2016-05-11 20:33:00,"Low",-0.1
"519",2016-05-12 02:52:00,"High",0.5
"520",2016-05-12 08:09:00,"Low",0.3
"521",2016-05-12 14:00:00,"High",0.7
"522",2016-05-12 21:33:00,"Low",0
"523",2016-05-13 04:00:00,"High",0.5
"524",2016-05-13 09:31:00,"Low",0.3
"525",2016-05-13 15:02:00,"High",0.6
"526",2016-05-13 22:33:00,"Low",0.1
"527",2016-05-14 05:12:00,"High",0.5
"528",2016-05-14 10:50:00,"Low",0.2
"529",2016-05-14 16:17:00,"High",0.6
"530",2016-05-14 23:28:00,"Low",0.1
"531",2016-05-15 06:09:00,"High",0.5
"532",2016-05-15 11:59:00,"Low",0.2
"533",2016-05-15 17:48:00,"High",0.5
"534",2016-05-16 00:17:00,"Low",0.1
"535",2016-05-16 06:48:00,"High",0.6
"536",2016-05-16 12:58:00,"Low",0.1
"537",2016-05-16 19:09:00,"High",0.5
"538",2016-05-17 01:01:00,"Low",0.1
"539",2016-05-17 07:18:00,"High",0.6
"540",2016-05-17 13:48:00,"Low",0.1
"541",2016-05-17 20:05:00,"High",0.5
"542",2016-05-18 01:40:00,"Low",0.2
"543",2016-05-18 07:45:00,"High",0.7
"544",2016-05-18 14:32:00,"Low",0
"545",2016-05-18 20:47:00,"High",0.5
"546",2016-05-19 02:17:00,"Low",0.2
"547",2016-05-19 08:15:00,"High",0.7
"548",2016-05-19 15:13:00,"Low",0
"549",2016-05-19 21:23:00,"High",0.5
"550",2016-05-20 02:50:00,"Low",0.2
"551",2016-05-20 08:47:00,"High",0.8
"552",2016-05-20 15:50:00,"Low",-0.1
"553",2016-05-20 21:58:00,"High",0.5
"554",2016-05-21 03:21:00,"Low",0.2
"555",2016-05-21 09:20:00,"High",0.8
"556",2016-05-21 16:27:00,"Low",-0.1
"557",2016-05-21 22:33:00,"High",0.5
"558",2016-05-22 03:49:00,"Low",0.2
"559",2016-05-22 09:55:00,"High",0.8
"560",2016-05-22 17:04:00,"Low",-0.1
"561",2016-05-22 23:10:00,"High",0.5
"562",2016-05-23 04:16:00,"Low",0.2
"563",2016-05-23 10:31:00,"High",0.8
"564",2016-05-23 17:40:00,"Low",-0.1
"565",2016-05-23 23:50:00,"High",0.5
"566",2016-05-24 04:45:00,"Low",0.2
"567",2016-05-24 11:09:00,"High",0.8
"568",2016-05-24 18:19:00,"Low",-0.1
"569",2016-05-25 00:32:00,"High",0.5
"570",2016-05-25 05:16:00,"Low",0.3
"571",2016-05-25 11:49:00,"High",0.8
"572",2016-05-25 19:01:00,"Low",0
"573",2016-05-26 01:17:00,"High",0.5
"574",2016-05-26 05:56:00,"Low",0.3
"575",2016-05-26 12:32:00,"High",0.8
"576",2016-05-26 19:47:00,"Low",0
"577",2016-05-27 02:05:00,"High",0.5
"578",2016-05-27 06:49:00,"Low",0.3
"579",2016-05-27 13:22:00,"High",0.7
"580",2016-05-27 20:38:00,"Low",0
"581",2016-05-28 02:56:00,"High",0.5
"582",2016-05-28 08:06:00,"Low",0.3
"583",2016-05-28 14:19:00,"High",0.7
"584",2016-05-28 21:32:00,"Low",0
"585",2016-05-29 03:50:00,"High",0.5
"586",2016-05-29 09:41:00,"Low",0.3
"587",2016-05-29 15:26:00,"High",0.6
"588",2016-05-29 22:27:00,"Low",0.1
"589",2016-05-30 04:45:00,"High",0.6
"590",2016-05-30 11:07:00,"Low",0.2
"591",2016-05-30 16:45:00,"High",0.6
"592",2016-05-30 23:20:00,"Low",0.1
"593",2016-05-31 05:38:00,"High",0.7
"594",2016-05-31 12:17:00,"Low",0.1
"595",2016-05-31 18:10:00,"High",0.6
"596",2016-06-01 00:11:00,"Low",0.1
"597",2016-06-01 06:29:00,"High",0.8
"598",2016-06-01 13:18:00,"Low",0
"599",2016-06-01 19:31:00,"High",0.5
"600",2016-06-02 00:59:00,"Low",0.1
"601",2016-06-02 07:18:00,"High",0.8
"602",2016-06-02 14:13:00,"Low",-0.1
"603",2016-06-02 20:38:00,"High",0.5
"604",2016-06-03 01:46:00,"Low",0.1
"605",2016-06-03 08:05:00,"High",0.9
"606",2016-06-03 15:05:00,"Low",-0.2
"607",2016-06-03 21:35:00,"High",0.5
"608",2016-06-04 02:32:00,"Low",0.1
"609",2016-06-04 08:52:00,"High",1
"610",2016-06-04 15:55:00,"Low",-0.2
"611",2016-06-04 22:26:00,"High",0.5
"612",2016-06-05 03:18:00,"Low",0.1
"613",2016-06-05 09:39:00,"High",1
"614",2016-06-05 16:44:00,"Low",-0.2
"615",2016-06-05 23:14:00,"High",0.5
"616",2016-06-06 04:05:00,"Low",0.2
"617",2016-06-06 10:25:00,"High",1
"618",2016-06-06 17:33:00,"Low",-0.2
"619",2016-06-06 23:59:00,"High",0.5
"620",2016-06-07 04:54:00,"Low",0.2
"621",2016-06-07 11:11:00,"High",0.9
"622",2016-06-07 18:22:00,"Low",-0.2
"623",2016-06-08 00:43:00,"High",0.5
"624",2016-06-08 05:46:00,"Low",0.2
"625",2016-06-08 11:57:00,"High",0.9
"626",2016-06-08 19:12:00,"Low",-0.1
"627",2016-06-09 01:28:00,"High",0.5
"628",2016-06-09 06:44:00,"Low",0.2
"629",2016-06-09 12:44:00,"High",0.8
"630",2016-06-09 20:03:00,"Low",0
"631",2016-06-10 02:13:00,"High",0.5
"632",2016-06-10 07:51:00,"Low",0.2
"633",2016-06-10 13:33:00,"High",0.7
"634",2016-06-10 20:55:00,"Low",0
"635",2016-06-11 03:01:00,"High",0.5
"636",2016-06-11 09:06:00,"Low",0.2
"637",2016-06-11 14:27:00,"High",0.6
"638",2016-06-11 21:47:00,"Low",0.1
"639",2016-06-12 03:51:00,"High",0.6
"640",2016-06-12 10:21:00,"Low",0.2
"641",2016-06-12 15:28:00,"High",0.5
"642",2016-06-12 22:38:00,"Low",0.1
"643",2016-06-13 04:41:00,"High",0.6
"644",2016-06-13 11:30:00,"Low",0.2
"645",2016-06-13 16:42:00,"High",0.5
"646",2016-06-13 23:27:00,"Low",0.2
"647",2016-06-14 05:29:00,"High",0.6
"648",2016-06-14 12:31:00,"Low",0.1
"649",2016-06-14 18:09:00,"High",0.5
"650",2016-06-15 00:13:00,"Low",0.2
"651",2016-06-15 06:13:00,"High",0.7
"652",2016-06-15 13:23:00,"Low",0.1
"653",2016-06-15 19:26:00,"High",0.5
"654",2016-06-16 00:56:00,"Low",0.2
"655",2016-06-16 06:55:00,"High",0.7
"656",2016-06-16 14:09:00,"Low",0
"657",2016-06-16 20:20:00,"High",0.5
"658",2016-06-17 01:35:00,"Low",0.2
"659",2016-06-17 07:35:00,"High",0.8
"660",2016-06-17 14:52:00,"Low",0
"661",2016-06-17 21:02:00,"High",0.5
"662",2016-06-18 02:11:00,"Low",0.2
"663",2016-06-18 08:14:00,"High",0.8
"664",2016-06-18 15:31:00,"Low",0
"665",2016-06-18 21:40:00,"High",0.5
"666",2016-06-19 02:45:00,"Low",0.2
"667",2016-06-19 08:53:00,"High",0.8
"668",2016-06-19 16:09:00,"Low",-0.1
"669",2016-06-19 22:18:00,"High",0.5
"670",2016-06-20 03:18:00,"Low",0.2
"671",2016-06-20 09:33:00,"High",0.9
"672",2016-06-20 16:46:00,"Low",-0.1
"673",2016-06-20 22:56:00,"High",0.5
"674",2016-06-21 03:50:00,"Low",0.2
"675",2016-06-21 10:12:00,"High",0.9
"676",2016-06-21 17:23:00,"Low",-0.1
"677",2016-06-21 23:34:00,"High",0.5
"678",2016-06-22 04:26:00,"Low",0.2
"679",2016-06-22 10:52:00,"High",0.9
"680",2016-06-22 18:00:00,"Low",-0.1
"681",2016-06-23 00:14:00,"High",0.5
"682",2016-06-23 05:06:00,"Low",0.2
"683",2016-06-23 11:34:00,"High",0.8
"684",2016-06-23 18:39:00,"Low",-0.1
"685",2016-06-24 00:56:00,"High",0.5
"686",2016-06-24 05:54:00,"Low",0.2
"687",2016-06-24 12:19:00,"High",0.8
"688",2016-06-24 19:19:00,"Low",0
"689",2016-06-25 01:39:00,"High",0.6
"690",2016-06-25 06:53:00,"Low",0.2
"691",2016-06-25 13:09:00,"High",0.7
"692",2016-06-25 20:03:00,"Low",0
"693",2016-06-26 02:24:00,"High",0.6
"694",2016-06-26 08:07:00,"Low",0.2
"695",2016-06-26 14:05:00,"High",0.7
"696",2016-06-26 20:51:00,"Low",0.1
"697",2016-06-27 03:12:00,"High",0.6
"698",2016-06-27 09:31:00,"Low",0.2
"699",2016-06-27 15:11:00,"High",0.6
"700",2016-06-27 21:42:00,"Low",0.1
"701",2016-06-28 04:03:00,"High",0.7
"702",2016-06-28 10:52:00,"Low",0.1
"703",2016-06-28 16:28:00,"High",0.5
"704",2016-06-28 22:37:00,"Low",0.1
"705",2016-06-29 04:58:00,"High",0.8
"706",2016-06-29 12:04:00,"Low",0.1
"707",2016-06-29 18:00:00,"High",0.5
"708",2016-06-29 23:32:00,"Low",0.2
"709",2016-06-30 05:55:00,"High",0.8
"710",2016-06-30 13:07:00,"Low",0
"711",2016-06-30 19:28:00,"High",0.5
"712",2016-07-01 00:27:00,"Low",0.2
"713",2016-07-01 06:51:00,"High",0.9
"714",2016-07-01 14:03:00,"Low",-0.1
"715",2016-07-01 20:37:00,"High",0.5
"716",2016-07-02 01:20:00,"Low",0.2
"717",2016-07-02 07:46:00,"High",0.9
"718",2016-07-02 14:55:00,"Low",-0.1
"719",2016-07-02 21:32:00,"High",0.5
"720",2016-07-03 02:11:00,"Low",0.2
"721",2016-07-03 08:37:00,"High",1
"722",2016-07-03 15:44:00,"Low",-0.2
"723",2016-07-03 22:18:00,"High",0.5
"724",2016-07-04 03:01:00,"Low",0.2
"725",2016-07-04 09:26:00,"High",1
"726",2016-07-04 16:31:00,"Low",-0.2
"727",2016-07-04 23:00:00,"High",0.5
"728",2016-07-05 03:51:00,"Low",0.2
"729",2016-07-05 10:13:00,"High",0.9
"730",2016-07-05 17:16:00,"Low",-0.1
"731",2016-07-05 23:38:00,"High",0.5
"732",2016-07-06 04:41:00,"Low",0.2
"733",2016-07-06 10:57:00,"High",0.9
"734",2016-07-06 18:00:00,"Low",-0.1
"735",2016-07-07 00:14:00,"High",0.5
"736",2016-07-07 05:32:00,"Low",0.2
"737",2016-07-07 11:40:00,"High",0.9
"738",2016-07-07 18:43:00,"Low",-0.1
"739",2016-07-08 00:50:00,"High",0.6
"740",2016-07-08 06:27:00,"Low",0.2
"741",2016-07-08 12:23:00,"High",0.8
"742",2016-07-08 19:27:00,"Low",0
"743",2016-07-09 01:26:00,"High",0.6
"744",2016-07-09 07:26:00,"Low",0.2
"745",2016-07-09 13:06:00,"High",0.7
"746",2016-07-09 20:10:00,"Low",0.1
"747",2016-07-10 02:04:00,"High",0.6
"748",2016-07-10 08:32:00,"Low",0.2
"749",2016-07-10 13:53:00,"High",0.6
"750",2016-07-10 20:55:00,"Low",0.1
"751",2016-07-11 02:45:00,"High",0.6
"752",2016-07-11 09:42:00,"Low",0.2
"753",2016-07-11 14:45:00,"High",0.5
"754",2016-07-11 21:43:00,"Low",0.2
"755",2016-07-12 03:31:00,"High",0.6
"756",2016-07-12 10:52:00,"Low",0.2
"757",2016-07-12 15:47:00,"High",0.5
"758",2016-07-12 22:32:00,"Low",0.2
"759",2016-07-13 04:21:00,"High",0.7
"760",2016-07-13 11:56:00,"Low",0.2
"761",2016-07-13 17:02:00,"High",0.4
"762",2016-07-13 23:23:00,"Low",0.3
"763",2016-07-14 05:14:00,"High",0.7
"764",2016-07-14 12:53:00,"Low",0.1
"765",2016-07-14 18:32:00,"High",0.4
"766",2016-07-15 00:11:00,"Low",0.3
"767",2016-07-15 06:08:00,"High",0.7
"768",2016-07-15 13:44:00,"Low",0.1
"769",2016-07-15 19:48:00,"High",0.4
"770",2016-07-16 00:56:00,"Low",0.3
"771",2016-07-16 06:59:00,"High",0.8
"772",2016-07-16 14:29:00,"Low",0
"773",2016-07-16 20:38:00,"High",0.5
"774",2016-07-17 01:37:00,"Low",0.3
"775",2016-07-17 07:46:00,"High",0.8
"776",2016-07-17 15:09:00,"Low",0
"777",2016-07-17 21:18:00,"High",0.5
"778",2016-07-18 02:16:00,"Low",0.3
"779",2016-07-18 08:31:00,"High",0.9
"780",2016-07-18 15:47:00,"Low",0
"781",2016-07-18 21:56:00,"High",0.5
"782",2016-07-19 02:54:00,"Low",0.2
"783",2016-07-19 09:15:00,"High",0.9
"784",2016-07-19 16:23:00,"Low",-0.1
"785",2016-07-19 22:32:00,"High",0.5
"786",2016-07-20 03:33:00,"Low",0.2
"787",2016-07-20 09:57:00,"High",0.9
"788",2016-07-20 16:59:00,"Low",-0.1
"789",2016-07-20 23:09:00,"High",0.6
"790",2016-07-21 04:15:00,"Low",0.2
"791",2016-07-21 10:40:00,"High",0.9
"792",2016-07-21 17:34:00,"Low",-0.1
"793",2016-07-21 23:47:00,"High",0.6
"794",2016-07-22 05:01:00,"Low",0.2
"795",2016-07-22 11:24:00,"High",0.9
"796",2016-07-22 18:10:00,"Low",0
"797",2016-07-23 00:25:00,"High",0.6
"798",2016-07-23 05:53:00,"Low",0.2
"799",2016-07-23 12:11:00,"High",0.8
"800",2016-07-23 18:48:00,"Low",0
"801",2016-07-24 01:04:00,"High",0.7
"802",2016-07-24 06:52:00,"Low",0.2
"803",2016-07-24 13:01:00,"High",0.8
"804",2016-07-24 19:28:00,"Low",0.1
"805",2016-07-25 01:47:00,"High",0.7
"806",2016-07-25 08:00:00,"Low",0.2
"807",2016-07-25 13:56:00,"High",0.7
"808",2016-07-25 20:12:00,"Low",0.1
"809",2016-07-26 02:34:00,"High",0.8
"810",2016-07-26 09:17:00,"Low",0.1
"811",2016-07-26 15:00:00,"High",0.6
"812",2016-07-26 21:02:00,"Low",0.2
"813",2016-07-27 03:26:00,"High",0.8
"814",2016-07-27 10:36:00,"Low",0.1
"815",2016-07-27 16:19:00,"High",0.5
"816",2016-07-27 22:00:00,"Low",0.2
"817",2016-07-28 04:25:00,"High",0.8
"818",2016-07-28 11:50:00,"Low",0.1
"819",2016-07-28 18:00:00,"High",0.5
"820",2016-07-28 23:04:00,"Low",0.3
"821",2016-07-29 05:30:00,"High",0.9
"822",2016-07-29 12:55:00,"Low",0
"823",2016-07-29 19:34:00,"High",0.5
"824",2016-07-30 00:07:00,"Low",0.3
"825",2016-07-30 06:36:00,"High",0.9
"826",2016-07-30 13:53:00,"Low",0
"827",2016-07-30 20:37:00,"High",0.5
"828",2016-07-31 01:06:00,"Low",0.2
"829",2016-07-31 07:38:00,"High",0.9
"830",2016-07-31 14:44:00,"Low",-0.1
"831",2016-07-31 21:24:00,"High",0.5
"832",2016-08-01 02:01:00,"Low",0.2
"833",2016-08-01 08:32:00,"High",0.9
"834",2016-08-01 15:30:00,"Low",-0.1
"835",2016-08-01 22:03:00,"High",0.6
"836",2016-08-02 02:53:00,"Low",0.2
"837",2016-08-02 09:20:00,"High",0.9
"838",2016-08-02 16:13:00,"Low",-0.1
"839",2016-08-02 22:37:00,"High",0.6
"840",2016-08-03 03:43:00,"Low",0.2
"841",2016-08-03 10:04:00,"High",0.9
"842",2016-08-03 16:53:00,"Low",0
"843",2016-08-03 23:07:00,"High",0.6
"844",2016-08-04 04:31:00,"Low",0.2
"845",2016-08-04 10:44:00,"High",0.9
"846",2016-08-04 17:32:00,"Low",0
"847",2016-08-04 23:36:00,"High",0.6
"848",2016-08-05 05:18:00,"Low",0.2
"849",2016-08-05 11:22:00,"High",0.8
"850",2016-08-05 18:09:00,"Low",0.1
"851",2016-08-06 00:05:00,"High",0.7
"852",2016-08-06 06:06:00,"Low",0.2
"853",2016-08-06 12:01:00,"High",0.8
"854",2016-08-06 18:46:00,"Low",0.1
"855",2016-08-07 00:36:00,"High",0.7
"856",2016-08-07 06:57:00,"Low",0.2
"857",2016-08-07 12:40:00,"High",0.7
"858",2016-08-07 19:22:00,"Low",0.2
"859",2016-08-08 01:11:00,"High",0.7
"860",2016-08-08 07:53:00,"Low",0.2
"861",2016-08-08 13:23:00,"High",0.7
"862",2016-08-08 19:59:00,"Low",0.2
"863",2016-08-09 01:50:00,"High",0.7
"864",2016-08-09 08:57:00,"Low",0.2
"865",2016-08-09 14:10:00,"High",0.6
"866",2016-08-09 20:39:00,"Low",0.3
"867",2016-08-10 02:35:00,"High",0.7
"868",2016-08-10 10:06:00,"Low",0.2
"869",2016-08-10 15:06:00,"High",0.5
"870",2016-08-10 21:27:00,"Low",0.3
"871",2016-08-11 03:25:00,"High",0.7
"872",2016-08-11 11:16:00,"Low",0.2
"873",2016-08-11 16:14:00,"High",0.5
"874",2016-08-11 22:25:00,"Low",0.4
"875",2016-08-12 04:22:00,"High",0.7
"876",2016-08-12 12:19:00,"Low",0.2
"877",2016-08-12 17:40:00,"High",0.5
"878",2016-08-12 23:26:00,"Low",0.4
"879",2016-08-13 05:24:00,"High",0.8
"880",2016-08-13 13:14:00,"Low",0.2
"881",2016-08-13 19:10:00,"High",0.5
"882",2016-08-14 00:21:00,"Low",0.4
"883",2016-08-14 06:25:00,"High",0.8
"884",2016-08-14 14:00:00,"Low",0.1
"885",2016-08-14 20:08:00,"High",0.5
"886",2016-08-15 01:09:00,"Low",0.3
"887",2016-08-15 07:21:00,"High",0.9
"888",2016-08-15 14:41:00,"Low",0.1
"889",2016-08-15 20:49:00,"High",0.6
"890",2016-08-16 01:54:00,"Low",0.3
"891",2016-08-16 08:11:00,"High",0.9
"892",2016-08-16 15:18:00,"Low",0
"893",2016-08-16 21:25:00,"High",0.6
"894",2016-08-17 02:38:00,"Low",0.3
"895",2016-08-17 08:59:00,"High",0.9
"896",2016-08-17 15:53:00,"Low",0
"897",2016-08-17 22:00:00,"High",0.6
"898",2016-08-18 03:21:00,"Low",0.2
"899",2016-08-18 09:44:00,"High",1
"900",2016-08-18 16:27:00,"Low",0
"901",2016-08-18 22:35:00,"High",0.7
"902",2016-08-19 04:07:00,"Low",0.2
"903",2016-08-19 10:30:00,"High",1
"904",2016-08-19 17:02:00,"Low",0
"905",2016-08-19 23:11:00,"High",0.8
"906",2016-08-20 04:55:00,"Low",0.1
"907",2016-08-20 11:16:00,"High",0.9
"908",2016-08-20 17:37:00,"Low",0.1
"909",2016-08-20 23:48:00,"High",0.8
"910",2016-08-21 05:47:00,"Low",0.1
"911",2016-08-21 12:04:00,"High",0.9
"912",2016-08-21 18:14:00,"Low",0.1
"913",2016-08-22 00:27:00,"High",0.8
"914",2016-08-22 06:44:00,"Low",0.1
"915",2016-08-22 12:54:00,"High",0.8
"916",2016-08-22 18:53:00,"Low",0.2
"917",2016-08-23 01:10:00,"High",0.9
"918",2016-08-23 07:49:00,"Low",0.1
"919",2016-08-23 13:49:00,"High",0.7
"920",2016-08-23 19:37:00,"Low",0.2
"921",2016-08-24 01:58:00,"High",0.9
"922",2016-08-24 09:02:00,"Low",0.1
"923",2016-08-24 14:54:00,"High",0.6
"924",2016-08-24 20:29:00,"Low",0.3
"925",2016-08-25 02:53:00,"High",0.9
"926",2016-08-25 10:19:00,"Low",0.1
"927",2016-08-25 16:17:00,"High",0.5
"928",2016-08-25 21:34:00,"Low",0.3
"929",2016-08-26 03:58:00,"High",0.9
"930",2016-08-26 11:34:00,"Low",0.1
"931",2016-08-26 18:09:00,"High",0.5
"932",2016-08-26 22:49:00,"Low",0.4
"933",2016-08-27 05:13:00,"High",0.9
"934",2016-08-27 12:40:00,"Low",0.1
"935",2016-08-27 19:34:00,"High",0.5
"936",2016-08-28 00:00:00,"Low",0.3
"937",2016-08-28 06:30:00,"High",0.9
"938",2016-08-28 13:37:00,"Low",0.1
"939",2016-08-28 20:27:00,"High",0.6
"940",2016-08-29 01:03:00,"Low",0.3
"941",2016-08-29 07:37:00,"High",0.9
"942",2016-08-29 14:26:00,"Low",0.1
"943",2016-08-29 21:06:00,"High",0.6
"944",2016-08-30 01:58:00,"Low",0.3
"945",2016-08-30 08:31:00,"High",0.9
"946",2016-08-30 15:08:00,"Low",0.1
"947",2016-08-30 21:38:00,"High",0.7
"948",2016-08-31 02:49:00,"Low",0.2
"949",2016-08-31 09:16:00,"High",0.9
"950",2016-08-31 15:47:00,"Low",0.1
"951",2016-08-31 22:04:00,"High",0.7
"952",2016-09-01 03:35:00,"Low",0.2
"953",2016-09-01 09:55:00,"High",0.9
"954",2016-09-01 16:23:00,"Low",0.1
"955",2016-09-01 22:28:00,"High",0.7
"956",2016-09-02 04:19:00,"Low",0.2
"957",2016-09-02 10:30:00,"High",0.9
"958",2016-09-02 16:57:00,"Low",0.1
"959",2016-09-02 22:53:00,"High",0.8
"960",2016-09-03 05:02:00,"Low",0.2
"961",2016-09-03 11:05:00,"High",0.9
"962",2016-09-03 17:30:00,"Low",0.2
"963",2016-09-03 23:20:00,"High",0.8
"964",2016-09-04 05:45:00,"Low",0.2
"965",2016-09-04 11:40:00,"High",0.8
"966",2016-09-04 18:02:00,"Low",0.2
"967",2016-09-04 23:50:00,"High",0.8
"968",2016-09-05 06:28:00,"Low",0.2
"969",2016-09-05 12:17:00,"High",0.8
"970",2016-09-05 18:32:00,"Low",0.3
"971",2016-09-06 00:25:00,"High",0.8
"972",2016-09-06 07:15:00,"Low",0.2
"973",2016-09-06 12:58:00,"High",0.7
"974",2016-09-06 19:00:00,"Low",0.3
"975",2016-09-07 01:03:00,"High",0.8
"976",2016-09-07 08:10:00,"Low",0.3
"977",2016-09-07 13:43:00,"High",0.7
"978",2016-09-07 19:27:00,"Low",0.4
"979",2016-09-08 01:46:00,"High",0.8
"980",2016-09-08 09:16:00,"Low",0.3
"981",2016-09-08 14:35:00,"High",0.6
"982",2016-09-08 19:59:00,"Low",0.4
"983",2016-09-09 02:36:00,"High",0.8
"984",2016-09-09 10:29:00,"Low",0.3
"985",2016-09-09 15:39:00,"High",0.6
"986",2016-09-09 21:02:00,"Low",0.5
"987",2016-09-10 03:35:00,"High",0.8
"988",2016-09-10 11:38:00,"Low",0.3
"989",2016-09-10 17:01:00,"High",0.5
"990",2016-09-10 22:38:00,"Low",0.5
"991",2016-09-11 04:41:00,"High",0.8
"992",2016-09-11 12:36:00,"Low",0.2
"993",2016-09-11 18:29:00,"High",0.6
"994",2016-09-11 23:51:00,"Low",0.4
"995",2016-09-12 05:51:00,"High",0.9
"996",2016-09-12 13:24:00,"Low",0.2
"997",2016-09-12 19:29:00,"High",0.6
"998",2016-09-13 00:47:00,"Low",0.4
"999",2016-09-13 06:55:00,"High",0.9
"1000",2016-09-13 14:05:00,"Low",0.2
"1001",2016-09-13 20:10:00,"High",0.7
"1002",2016-09-14 01:37:00,"Low",0.3
"1003",2016-09-14 07:51:00,"High",0.9
"1004",2016-09-14 14:42:00,"Low",0.1
"1005",2016-09-14 20:47:00,"High",0.7
"1006",2016-09-15 02:24:00,"Low",0.3
"1007",2016-09-15 08:43:00,"High",1
"1008",2016-09-15 15:16:00,"Low",0.1
"1009",2016-09-15 21:22:00,"High",0.8
"1010",2016-09-16 03:11:00,"Low",0.2
"1011",2016-09-16 09:32:00,"High",1
"1012",2016-09-16 15:51:00,"Low",0.1
"1013",2016-09-16 21:57:00,"High",0.9
"1014",2016-09-17 03:58:00,"Low",0.1
"1015",2016-09-17 10:20:00,"High",1
"1016",2016-09-17 16:26:00,"Low",0.2
"1017",2016-09-17 22:34:00,"High",0.9
"1018",2016-09-18 04:47:00,"Low",0.1
"1019",2016-09-18 11:08:00,"High",0.9
"1020",2016-09-18 17:02:00,"Low",0.2
"1021",2016-09-18 23:12:00,"High",1
"1022",2016-09-19 05:39:00,"Low",0.1
"1023",2016-09-19 11:57:00,"High",0.9
"1024",2016-09-19 17:40:00,"Low",0.2
"1025",2016-09-19 23:53:00,"High",1
"1026",2016-09-20 06:35:00,"Low",0.1
"1027",2016-09-20 12:48:00,"High",0.8
"1028",2016-09-20 18:21:00,"Low",0.3
"1029",2016-09-21 00:38:00,"High",1
"1030",2016-09-21 07:36:00,"Low",0.1
"1031",2016-09-21 13:44:00,"High",0.7
"1032",2016-09-21 19:07:00,"Low",0.3
"1033",2016-09-22 01:27:00,"High",1
"1034",2016-09-22 08:45:00,"Low",0.1
"1035",2016-09-22 14:49:00,"High",0.6
"1036",2016-09-22 20:05:00,"Low",0.4
"1037",2016-09-23 02:25:00,"High",1
"1038",2016-09-23 10:00:00,"Low",0.2
"1039",2016-09-23 16:16:00,"High",0.6
"1040",2016-09-23 21:20:00,"Low",0.4
"1041",2016-09-24 03:34:00,"High",0.9
"1042",2016-09-24 11:13:00,"Low",0.2
"1043",2016-09-24 18:04:00,"High",0.6
"1044",2016-09-24 22:43:00,"Low",0.4
"1045",2016-09-25 04:59:00,"High",0.9
"1046",2016-09-25 12:18:00,"Low",0.2
"1047",2016-09-25 19:17:00,"High",0.6
"1048",2016-09-25 23:58:00,"Low",0.4
"1049",2016-09-26 06:26:00,"High",0.9
"1050",2016-09-26 13:13:00,"Low",0.2
"1051",2016-09-26 20:02:00,"High",0.7
"1052",2016-09-27 01:01:00,"Low",0.3
"1053",2016-09-27 07:35:00,"High",0.9
"1054",2016-09-27 13:58:00,"Low",0.2
"1055",2016-09-27 20:36:00,"High",0.7
"1056",2016-09-28 01:54:00,"Low",0.3
"1057",2016-09-28 08:27:00,"High",0.9
"1058",2016-09-28 14:39:00,"Low",0.2
"1059",2016-09-28 21:03:00,"High",0.8
"1060",2016-09-29 02:42:00,"Low",0.2
"1061",2016-09-29 09:09:00,"High",0.9
"1062",2016-09-29 15:15:00,"Low",0.2
"1063",2016-09-29 21:25:00,"High",0.8
"1064",2016-09-30 03:25:00,"Low",0.2
"1065",2016-09-30 09:44:00,"High",0.9
"1066",2016-09-30 15:49:00,"Low",0.2
"1067",2016-09-30 21:47:00,"High",0.9
"1068",2016-10-01 04:06:00,"Low",0.2
"1069",2016-10-01 10:16:00,"High",0.9
"1070",2016-10-01 16:20:00,"Low",0.3
"1071",2016-10-01 22:11:00,"High",0.9
"1072",2016-10-02 04:45:00,"Low",0.2
"1073",2016-10-02 10:48:00,"High",0.8
"1074",2016-10-02 16:51:00,"Low",0.3
"1075",2016-10-02 22:39:00,"High",0.9
"1076",2016-10-03 05:24:00,"Low",0.2
"1077",2016-10-03 11:21:00,"High",0.8
"1078",2016-10-03 17:19:00,"Low",0.3
"1079",2016-10-03 23:11:00,"High",0.9
"1080",2016-10-04 06:03:00,"Low",0.2
"1081",2016-10-04 11:58:00,"High",0.8
"1082",2016-10-04 17:44:00,"Low",0.4
"1083",2016-10-04 23:46:00,"High",0.9
"1084",2016-10-05 06:44:00,"Low",0.2
"1085",2016-10-05 12:37:00,"High",0.7
"1086",2016-10-05 18:07:00,"Low",0.4
"1087",2016-10-06 00:24:00,"High",0.9
"1088",2016-10-06 07:31:00,"Low",0.3
"1089",2016-10-06 13:22:00,"High",0.7
"1090",2016-10-06 18:29:00,"Low",0.4
"1091",2016-10-07 01:06:00,"High",0.9
"1092",2016-10-07 08:28:00,"Low",0.3
"1093",2016-10-07 14:13:00,"High",0.6
"1094",2016-10-07 18:57:00,"Low",0.5
"1095",2016-10-08 01:55:00,"High",0.9
"1096",2016-10-08 09:38:00,"Low",0.3
"1097",2016-10-08 15:14:00,"High",0.6
"1098",2016-10-08 19:50:00,"Low",0.5
"1099",2016-10-09 02:53:00,"High",0.9
"1100",2016-10-09 10:49:00,"Low",0.3
"1101",2016-10-09 16:28:00,"High",0.6
"1102",2016-10-09 21:51:00,"Low",0.5
"1103",2016-10-10 04:01:00,"High",0.8
"1104",2016-10-10 11:50:00,"Low",0.3
"1105",2016-10-10 17:44:00,"High",0.6
"1106",2016-10-10 23:23:00,"Low",0.5
"1107",2016-10-11 05:15:00,"High",0.9
"1108",2016-10-11 12:39:00,"Low",0.3
"1109",2016-10-11 18:42:00,"High",0.7
"1110",2016-10-12 00:28:00,"Low",0.4
"1111",2016-10-12 06:27:00,"High",0.9
"1112",2016-10-12 13:21:00,"Low",0.2
"1113",2016-10-12 19:26:00,"High",0.8
"1114",2016-10-13 01:22:00,"Low",0.3
"1115",2016-10-13 07:32:00,"High",0.9
"1116",2016-10-13 13:59:00,"Low",0.2
"1117",2016-10-13 20:05:00,"High",0.8
"1118",2016-10-14 02:11:00,"Low",0.2
"1119",2016-10-14 08:29:00,"High",0.9
"1120",2016-10-14 14:36:00,"Low",0.2
"1121",2016-10-14 20:43:00,"High",0.9
"1122",2016-10-15 03:00:00,"Low",0.1
"1123",2016-10-15 09:21:00,"High",0.9
"1124",2016-10-15 15:13:00,"Low",0.2
"1125",2016-10-15 21:20:00,"High",1
"1126",2016-10-16 03:48:00,"Low",0
"1127",2016-10-16 10:12:00,"High",0.9
"1128",2016-10-16 15:50:00,"Low",0.3
"1129",2016-10-16 22:00:00,"High",1.1
"1130",2016-10-17 04:38:00,"Low",0
"1131",2016-10-17 11:01:00,"High",0.9
"1132",2016-10-17 16:29:00,"Low",0.3
"1133",2016-10-17 22:41:00,"High",1.1
"1134",2016-10-18 05:29:00,"Low",0
"1135",2016-10-18 11:50:00,"High",0.8
"1136",2016-10-18 17:10:00,"Low",0.3
"1137",2016-10-18 23:25:00,"High",1.1
"1138",2016-10-19 06:23:00,"Low",0
"1139",2016-10-19 12:41:00,"High",0.8
"1140",2016-10-19 17:54:00,"Low",0.3
"1141",2016-10-20 00:12:00,"High",1.1
"1142",2016-10-20 07:22:00,"Low",0.1
"1143",2016-10-20 13:36:00,"High",0.7
"1144",2016-10-20 18:45:00,"Low",0.4
"1145",2016-10-21 01:03:00,"High",1
"1146",2016-10-21 08:26:00,"Low",0.1
"1147",2016-10-21 14:40:00,"High",0.7
"1148",2016-10-21 19:49:00,"Low",0.4
"1149",2016-10-22 02:02:00,"High",1
"1150",2016-10-22 09:35:00,"Low",0.2
"1151",2016-10-22 16:00:00,"High",0.6
"1152",2016-10-22 21:11:00,"Low",0.4
"1153",2016-10-23 03:11:00,"High",0.9
"1154",2016-10-23 10:44:00,"Low",0.2
"1155",2016-10-23 17:32:00,"High",0.6
"1156",2016-10-23 22:36:00,"Low",0.4
"1157",2016-10-24 04:37:00,"High",0.8
"1158",2016-10-24 11:45:00,"Low",0.2
"1159",2016-10-24 18:40:00,"High",0.7
"1160",2016-10-24 23:51:00,"Low",0.4
"1161",2016-10-25 06:11:00,"High",0.8
"1162",2016-10-25 12:38:00,"Low",0.3
"1163",2016-10-25 19:24:00,"High",0.7
"1164",2016-10-26 00:53:00,"Low",0.3
"1165",2016-10-26 07:25:00,"High",0.8
"1166",2016-10-26 13:23:00,"Low",0.3
"1167",2016-10-26 19:56:00,"High",0.8
"1168",2016-10-27 01:45:00,"Low",0.3
"1169",2016-10-27 08:17:00,"High",0.8
"1170",2016-10-27 14:03:00,"Low",0.3
"1171",2016-10-27 20:20:00,"High",0.8
"1172",2016-10-28 02:31:00,"Low",0.2
"1173",2016-10-28 08:58:00,"High",0.8
"1174",2016-10-28 14:39:00,"Low",0.3
"1175",2016-10-28 20:43:00,"High",0.9
"1176",2016-10-29 03:13:00,"Low",0.2
"1177",2016-10-29 09:31:00,"High",0.8
"1178",2016-10-29 15:13:00,"Low",0.3
"1179",2016-10-29 21:07:00,"High",0.9
"1180",2016-10-30 03:51:00,"Low",0.1
"1181",2016-10-30 10:02:00,"High",0.8
"1182",2016-10-30 15:44:00,"Low",0.3
"1183",2016-10-30 21:35:00,"High",0.9
"1184",2016-10-31 04:29:00,"Low",0.1
"1185",2016-10-31 10:33:00,"High",0.8
"1186",2016-10-31 16:13:00,"Low",0.3
"1187",2016-10-31 22:06:00,"High",1
"1188",2016-11-01 05:05:00,"Low",0.1
"1189",2016-11-01 11:06:00,"High",0.7
"1190",2016-11-01 16:41:00,"Low",0.4
"1191",2016-11-01 22:39:00,"High",1
"1192",2016-11-02 05:42:00,"Low",0.1
"1193",2016-11-02 11:42:00,"High",0.7
"1194",2016-11-02 17:05:00,"Low",0.4
"1195",2016-11-02 23:15:00,"High",1
"1196",2016-11-03 06:20:00,"Low",0.2
"1197",2016-11-03 12:22:00,"High",0.7
"1198",2016-11-03 17:29:00,"Low",0.4
"1199",2016-11-03 23:54:00,"High",0.9
"1200",2016-11-04 07:03:00,"Low",0.2
"1201",2016-11-04 13:05:00,"High",0.7
"1202",2016-11-04 17:56:00,"Low",0.4
"1203",2016-11-05 00:36:00,"High",0.9
"1204",2016-11-05 07:52:00,"Low",0.2
"1205",2016-11-05 13:55:00,"High",0.6
"1206",2016-11-05 18:33:00,"Low",0.5
"1207",2016-11-06 01:23:00,"High",0.9
"1208",2016-11-06 08:50:00,"Low",0.2
"1209",2016-11-06 14:51:00,"High",0.6
"1210",2016-11-06 19:34:00,"Low",0.5
"1211",2016-11-07 02:19:00,"High",0.8
"1212",2016-11-07 09:54:00,"Low",0.3
"1213",2016-11-07 15:53:00,"High",0.6
"1214",2016-11-07 21:21:00,"Low",0.5
"1215",2016-11-08 03:25:00,"High",0.8
"1216",2016-11-08 10:54:00,"Low",0.3
"1217",2016-11-08 16:56:00,"High",0.7
"1218",2016-11-08 22:58:00,"Low",0.4
"1219",2016-11-09 04:41:00,"High",0.8
"1220",2016-11-09 11:46:00,"Low",0.3
"1221",2016-11-09 17:51:00,"High",0.7
"1222",2016-11-10 00:08:00,"Low",0.3
"1223",2016-11-10 06:01:00,"High",0.8
"1224",2016-11-10 12:32:00,"Low",0.3
"1225",2016-11-10 18:40:00,"High",0.8
"1226",2016-11-11 01:06:00,"Low",0.2
"1227",2016-11-11 07:14:00,"High",0.8
"1228",2016-11-11 13:15:00,"Low",0.3
"1229",2016-11-11 19:23:00,"High",0.9
"1230",2016-11-12 01:59:00,"Low",0.1
"1231",2016-11-12 08:17:00,"High",0.8
"1232",2016-11-12 13:56:00,"Low",0.3
"1233",2016-11-12 20:06:00,"High",1
"1234",2016-11-13 02:49:00,"Low",0
"1235",2016-11-13 09:13:00,"High",0.8
"1236",2016-11-13 14:37:00,"Low",0.3
"1237",2016-11-13 20:49:00,"High",1.1
"1238",2016-11-14 03:38:00,"Low",-0.1
"1239",2016-11-14 10:05:00,"High",0.8
"1240",2016-11-14 15:18:00,"Low",0.3
"1241",2016-11-14 21:33:00,"High",1.1
"1242",2016-11-15 04:28:00,"Low",-0.1
"1243",2016-11-15 10:54:00,"High",0.7
"1244",2016-11-15 16:01:00,"Low",0.3
"1245",2016-11-15 22:18:00,"High",1.1
"1246",2016-11-16 05:18:00,"Low",-0.1
"1247",2016-11-16 11:42:00,"High",0.7
"1248",2016-11-16 16:46:00,"Low",0.3
"1249",2016-11-16 23:05:00,"High",1.1
"1250",2016-11-17 06:11:00,"Low",-0.1
"1251",2016-11-17 12:31:00,"High",0.7
"1252",2016-11-17 17:35:00,"Low",0.3
"1253",2016-11-17 23:53:00,"High",1.1
"1254",2016-11-18 07:05:00,"Low",0
"1255",2016-11-18 13:22:00,"High",0.6
"1256",2016-11-18 18:31:00,"Low",0.3
"1257",2016-11-19 00:44:00,"High",1
"1258",2016-11-19 08:03:00,"Low",0.1
"1259",2016-11-19 14:17:00,"High",0.6
"1260",2016-11-19 19:37:00,"Low",0.4
"1261",2016-11-20 01:40:00,"High",0.9
"1262",2016-11-20 09:04:00,"Low",0.1
"1263",2016-11-20 15:21:00,"High",0.6
"1264",2016-11-20 20:57:00,"Low",0.4
"1265",2016-11-21 02:42:00,"High",0.8
"1266",2016-11-21 10:05:00,"Low",0.2
"1267",2016-11-21 16:31:00,"High",0.6
"1268",2016-11-21 22:20:00,"Low",0.3
"1269",2016-11-22 03:59:00,"High",0.7
"1270",2016-11-22 11:03:00,"Low",0.2
"1271",2016-11-22 17:37:00,"High",0.7
"1272",2016-11-22 23:33:00,"Low",0.3
"1273",2016-11-23 05:34:00,"High",0.7
"1274",2016-11-23 11:55:00,"Low",0.2
"1275",2016-11-23 18:26:00,"High",0.7
"1276",2016-11-24 00:36:00,"Low",0.2
"1277",2016-11-24 07:01:00,"High",0.6
"1278",2016-11-24 12:42:00,"Low",0.3
"1279",2016-11-24 19:02:00,"High",0.8
"1280",2016-11-25 01:29:00,"Low",0.2
"1281",2016-11-25 08:01:00,"High",0.6
"1282",2016-11-25 13:24:00,"Low",0.3
"1283",2016-11-25 19:32:00,"High",0.8
"1284",2016-11-26 02:15:00,"Low",0.1
"1285",2016-11-26 08:44:00,"High",0.6
"1286",2016-11-26 14:02:00,"Low",0.3
"1287",2016-11-26 20:02:00,"High",0.8
"1288",2016-11-27 02:56:00,"Low",0.1
"1289",2016-11-27 09:17:00,"High",0.6
"1290",2016-11-27 14:38:00,"Low",0.3
"1291",2016-11-27 20:33:00,"High",0.9
"1292",2016-11-28 03:35:00,"Low",0
"1293",2016-11-28 09:48:00,"High",0.6
"1294",2016-11-28 15:11:00,"Low",0.3
"1295",2016-11-28 21:06:00,"High",0.9
"1296",2016-11-29 04:12:00,"Low",0
"1297",2016-11-29 10:19:00,"High",0.6
"1298",2016-11-29 15:41:00,"Low",0.3
"1299",2016-11-29 21:40:00,"High",0.9
"1300",2016-11-30 04:49:00,"Low",0
"1301",2016-11-30 10:53:00,"High",0.6
"1302",2016-11-30 16:10:00,"Low",0.3
"1303",2016-11-30 22:17:00,"High",0.9
"1304",2016-12-01 05:25:00,"Low",0
"1305",2016-12-01 11:29:00,"High",0.6
"1306",2016-12-01 16:38:00,"Low",0.3
"1307",2016-12-01 22:54:00,"High",0.9
"1308",2016-12-02 06:02:00,"Low",0
"1309",2016-12-02 12:08:00,"High",0.6
"1310",2016-12-02 17:07:00,"Low",0.3
"1311",2016-12-02 23:33:00,"High",0.9
"1312",2016-12-03 06:41:00,"Low",0.1
"1313",2016-12-03 12:49:00,"High",0.6
"1314",2016-12-03 17:42:00,"Low",0.3
"1315",2016-12-04 00:15:00,"High",0.9
"1316",2016-12-04 07:22:00,"Low",0.1
"1317",2016-12-04 13:34:00,"High",0.6
"1318",2016-12-04 18:28:00,"Low",0.3
"1319",2016-12-05 01:01:00,"High",0.8
"1320",2016-12-05 08:09:00,"Low",0.1
"1321",2016-12-05 14:22:00,"High",0.6
"1322",2016-12-05 19:33:00,"Low",0.4
"1323",2016-12-06 01:54:00,"High",0.8
"1324",2016-12-06 09:00:00,"Low",0.1
"1325",2016-12-06 15:13:00,"High",0.6
"1326",2016-12-06 21:02:00,"Low",0.3
"1327",2016-12-07 02:58:00,"High",0.7
"1328",2016-12-07 09:55:00,"Low",0.2
"1329",2016-12-07 16:07:00,"High",0.6
"1330",2016-12-07 22:33:00,"Low",0.3
"1331",2016-12-08 04:12:00,"High",0.6
"1332",2016-12-08 10:50:00,"Low",0.2
"1333",2016-12-08 17:01:00,"High",0.7
"1334",2016-12-08 23:48:00,"Low",0.2
"1335",2016-12-09 05:37:00,"High",0.6
"1336",2016-12-09 11:42:00,"Low",0.2
"1337",2016-12-09 17:55:00,"High",0.8
"1338",2016-12-10 00:51:00,"Low",0.1
"1339",2016-12-10 07:00:00,"High",0.6
"1340",2016-12-10 12:32:00,"Low",0.2
"1341",2016-12-10 18:47:00,"High",0.9
"1342",2016-12-11 01:47:00,"Low",0
"1343",2016-12-11 08:10:00,"High",0.6
"1344",2016-12-11 13:20:00,"Low",0.2
"1345",2016-12-11 19:37:00,"High",0.9
"1346",2016-12-12 02:39:00,"Low",-0.1
"1347",2016-12-12 09:09:00,"High",0.6
"1348",2016-12-12 14:07:00,"Low",0.2
"1349",2016-12-12 20:27:00,"High",1
"1350",2016-12-13 03:29:00,"Low",-0.2
"1351",2016-12-13 10:00:00,"High",0.6
"1352",2016-12-13 14:55:00,"Low",0.2
"1353",2016-12-13 21:15:00,"High",1
"1354",2016-12-14 04:18:00,"Low",-0.2
"1355",2016-12-14 10:46:00,"High",0.6
"1356",2016-12-14 15:42:00,"Low",0.2
"1357",2016-12-14 22:04:00,"High",1
"1358",2016-12-15 05:07:00,"Low",-0.2
"1359",2016-12-15 11:31:00,"High",0.6
"1360",2016-12-15 16:31:00,"Low",0.2
"1361",2016-12-15 22:51:00,"High",1
"1362",2016-12-16 05:55:00,"Low",-0.1
"1363",2016-12-16 12:15:00,"High",0.6
"1364",2016-12-16 17:23:00,"Low",0.2
"1365",2016-12-16 23:39:00,"High",0.9
"1366",2016-12-17 06:44:00,"Low",-0.1
"1367",2016-12-17 12:58:00,"High",0.6
"1368",2016-12-17 18:19:00,"Low",0.2
"1369",2016-12-18 00:27:00,"High",0.9
"1370",2016-12-18 07:34:00,"Low",0
"1371",2016-12-18 13:42:00,"High",0.6
"1372",2016-12-18 19:22:00,"Low",0.2
"1373",2016-12-19 01:17:00,"High",0.8
"1374",2016-12-19 08:25:00,"Low",0
"1375",2016-12-19 14:29:00,"High",0.6
"1376",2016-12-19 20:35:00,"Low",0.2
"1377",2016-12-20 02:11:00,"High",0.7
"1378",2016-12-20 09:18:00,"Low",0.1
"1379",2016-12-20 15:18:00,"High",0.6
"1380",2016-12-20 21:51:00,"Low",0.2
"1381",2016-12-21 03:12:00,"High",0.6
"1382",2016-12-21 10:12:00,"Low",0.2
"1383",2016-12-21 16:10:00,"High",0.6
"1384",2016-12-21 23:04:00,"Low",0.2
"1385",2016-12-22 04:29:00,"High",0.5
"1386",2016-12-22 11:05:00,"Low",0.2
"1387",2016-12-22 17:03:00,"High",0.6
"1388",2016-12-23 00:09:00,"Low",0.1
"1389",2016-12-23 06:12:00,"High",0.5
"1390",2016-12-23 11:56:00,"Low",0.2
"1391",2016-12-23 17:54:00,"High",0.7
"1392",2016-12-24 01:05:00,"Low",0.1
"1393",2016-12-24 07:37:00,"High",0.5
"1394",2016-12-24 12:43:00,"Low",0.2
"1395",2016-12-24 18:40:00,"High",0.7
"1396",2016-12-25 01:54:00,"Low",0
"1397",2016-12-25 08:26:00,"High",0.5
"1398",2016-12-25 13:26:00,"Low",0.2
"1399",2016-12-25 19:22:00,"High",0.7
"1400",2016-12-26 02:38:00,"Low",0
"1401",2016-12-26 09:02:00,"High",0.5
"1402",2016-12-26 14:05:00,"Low",0.2
"1403",2016-12-26 20:03:00,"High",0.8
"1404",2016-12-27 03:18:00,"Low",0
"1405",2016-12-27 09:33:00,"High",0.5
"1406",2016-12-27 14:42:00,"Low",0.2
"1407",2016-12-27 20:43:00,"High",0.8
"1408",2016-12-28 03:56:00,"Low",-0.1
"1409",2016-12-28 10:05:00,"High",0.5
"1410",2016-12-28 15:16:00,"Low",0.2
"1411",2016-12-28 21:21:00,"High",0.8
"1412",2016-12-29 04:32:00,"Low",-0.1
"1413",2016-12-29 10:38:00,"High",0.5
"1414",2016-12-29 15:48:00,"Low",0.2
"1415",2016-12-29 22:00:00,"High",0.8
"1416",2016-12-30 05:07:00,"Low",-0.1
"1417",2016-12-30 11:13:00,"High",0.5
"1418",2016-12-30 16:21:00,"Low",0.2
"1419",2016-12-30 22:39:00,"High",0.8
"1420",2016-12-31 05:41:00,"Low",-0.1
"1421",2016-12-31 11:49:00,"High",0.5
"1422",2016-12-31 16:57:00,"Low",0.2
"1423",2016-12-31 23:18:00,"High",0.8
