AccX,AccY,AccZ,RawTilt,CompX,CompY,CompZ
491,173,881,30.59,200,323,-327
510,-873,6,89.67,-402,195,68
648,-785,-11,90,-307,0,31
660,-777,40,87.77,-189,341,-272
660,-777,40,87.77,-186,342,-271
661,-779,35,88.5,-185,341,-268
663,-777,39,87.83,-185,337,-266
663,-778,34,88.11,-187,340,-267
481,-905,80,85.56,-20,502,-24
479,-908,77,85.73,-23,500,-23
514,-813,106,83.74,-261,393,-123
359,-1015,101,84.67,-149,491,-226
518,-884,86,85.22,70,620,72
241,-1001,66,86.35,-91,586,588
-910,461,-96,90,30,-168,154
-829,535,-272,90,54,-126,179
767,609,23,88.67,52,-311,229
791,614,30,88.29,51,-309,232
481,869,148,81.56,181,-38,101
204,288,994,19.48,-336,-21,-223
24,-38,1062,2.36,167,368,-343
-84,170,1051,10.15,-65,-298,-275
162,118,1050,10.74,210,232,-379
33,-32,1066,2.4,312,172,-343
14,-24,1067,1.44,318,169,-340
6,-18,1068,0.96,321,167,-338
8,-17,1069,0.96,324,163,-337
7,-16,1068,0.9,324,165,-338
12,-17,1068,1.6,324,168,-339
12,-19,1068,1.17,320,167,-338
10,-15,1065,0.96,324,162,-337
9,-14,1068,0.85,322,165,-339
11,-15,1070,0.96,323,163,-336
8,-12,1070,0.74,321,163,-338
8,-13,1069,0.8,321,164,-337
10,-14,1070,0.9,322,164,-339
8,-14,1069,0.85,322,163,-337
8,-14,1068,0.85,322,163,-336
6,-13,1069,0.74,322,164,-338
12,-14,1071,0.96,321,165,-340
15,-24,1067,1.49,321,164,-339
36,-45,1065,3.5,313,177,-341
79,-126,1060,7.91,293,237,-338
101,-152,1059,9.71,276,252,-339
215,-229,1031,16.91,231,303,-342
175,-225,1034,15.37,236,286,-347
350,-312,962,25.96,159,354,-340
453,-295,924,30.34,117,358,-346
565,-336,831,38.33,50,397,-327
544,-297,862,35.7,64,377,-342
609,-299,808,39.98,28,386,-336
557,-334,836,37.83,54,402,-330
594,-283,828,38.43,36,372,-349
561,-294,851,36.66,58,374,-342
598,-286,825,38.74,34,371,-347
605,-299,812,39.67,30,385,-338
604,-292,817,39.35,30,386,-340
586,-282,835,37.89,44,364,-352
566,-280,847,36.7,54,366,-350
601,-289,819,39.11,33,379,-342
560,-267,861,35.78,59,357,-353
496,-276,902,32.19,91,354,-353
575,-282,842,37.24,46,376,-346
562,-285,848,36.63,55,369,-350
433,-306,924,29.87,126,364,-342
370,-228,980,23.89,160,312,-366
438,-266,937,28.69,124,338,-356
305,-286,986,22.97,188,337,-343
242,-160,1037,15.59,222,273,-358
226,-145,1039,14.43,226,257,-364
167,-99,1048,10.45,250,230,-361
135,-116,1054,9.49,272,236,-347
135,-40,1057,7.51,273,193,-361
12,-14,1066,0.96,323,166,-337
8,-15,1066,0.91,323,164,-339
8,-16,1067,0.9,320,164,-338
9,-18,1064,1.7,321,168,-337
11,-17,1067,1.7,322,164,-338
7,-13,1068,0.74,322,168,-339
11,-14,1069,0.9,327,167,-338
9,-15,1068,0.9,323,168,-337
12,-15,1069,1.1,324,166,-339
9,-15,1070,0.9,320,167,-334
7,-17,1069,0.96,322,167,-339
7,-14,1068,0.8,322,165,-337
7,-12,1070,0.69,321,166,-338
8,-12,1064,0.75,324,164,-338
6,-13,1068,0.74,323,166,-340
8,-11,1065,0.69,322,165,-337
7,-10,1070,0.64,322,165,-338
8,-14,1064,0.85,323,167,-338
7,-12,1068,0.69,323,167,-338
10,-15,1062,0.96,323,167,-338
21,-35,1066,2.14,317,173,-341
135,-69,1055,8.11,274,212,-356
102,-216,1049,12.74,274,276,-332
265,-325,987,23.1,208,359,-324
185,-268,1021,17.63,237,311,-334
271,-268,1001,20.83,202,335,-337
445,-310,920,30.54,118,370,-340
471,-336,896,32.86,104,383,-333
514,-325,867,35.6,78,391,-334
564,-338,826,38.49,52,402,-328
532,-304,863,35.36,72,376,-341
469,-301,904,31.69,105,356,-348
530,-320,863,35.67,68,384,-337
507,-331,875,34.68,82,376,-340
500,-287,893,32.86,91,358,-354
474,-322,896,32.64,101,373,-343
477,-253,922,30.35,106,334,-362
497,-279,901,32.31,92,353,-353
443,-280,931,29.41,122,353,-352
361,-274,967,25.12,162,340,-350
384,-276,953,26.37,151,341,-349
339,-250,985,23.15,177,324,-351
262,-212,1018,18.29,205,297,-356
248,-194,1026,16.99,215,282,-358
158,-182,1046,12.94,254,274,-346
218,-152,1037,14.3,227,255,-366
133,-83,1058,8.35,271,219,-354
54,-21,1060,3.6,302,172,-351
29,-82,1063,4.6,315,198,-333
11,-20,1065,1.17,321,169,-341
6,-12,1066,0.69,327,163,-340
8,-13,1065,0.8,326,166,-339
8,-15,1066,0.91,320,166,-337
11,-13,1066,0.91,323,166,-341
9,-15,1064,0.91,323,167,-338
10,-13,1063,0.86,325,166,-338
7,-14,1068,0.8,322,165,-337
10,-14,1064,0.91,324,165,-338
11,-12,1064,0.85,321,166,-338
8,-13,1066,0.8,325,163,-338
9,-14,1067,0.85,321,167,-341
9,-12,1066,0.8,324,164,-338
5,-12,1069,0.69,323,165,-338
6,-14,1068,0.8,323,166,-341
8,-13,1066,0.8,322,164,-338
8,-12,1066,0.75,322,165,-337
8,-13,1066,0.8,323,165,-339
12,-15,1066,1.1,324,167,-337
13,-19,1070,1.22,320,170,-339
96,-65,1057,6.18,281,196,-355
20,-154,1060,8.28,313,246,-323
145,-241,1038,15.11,258,305,-332
239,-282,1006,20.13,210,321,-341
149,-233,1039,14.84,257,292,-339
392,-287,948,27.13,144,346,-347
591,-323,816,39.5,35,396,-332
562,-328,838,37.8,53,397,-332
545,-305,857,36.8,63,373,-345
610,-280,816,39.41,28,369,-350
590,-312,819,39.16,42,385,-338
589,-324,817,39.42,40,400,-329
618,-308,798,40.82,20,392,-331
588,-319,821,39.11,38,385,-339
525,-297,870,34.76,77,367,-350
528,-300,864,35.11,69,370,-346
598,-322,808,40.2,35,394,-332
558,-289,852,36.41,57,369,-346
489,-307,888,33.5,98,372,-343
484,-283,907,31.73,103,351,-356
510,-266,896,32.72,86,350,-356
442,-232,945,27.87,128,313,-371
437,-241,948,27.79,127,325,-363
264,-281,993,21.18,200,321,-342
319,-226,995,21.39,184,307,-360
291,-180,1016,18.58,199,285,-364
161,-155,1048,11.97,254,259,-348
109,-132,1056,9.16,275,237,-348
94,-90,1058,6.97,287,226,-345
72,-65,1061,5.2,300,198,-346
13,-18,1064,1.18,320,167,-338
6,-14,1064,0.8,324,167,-338
10,-16,1062,0.96,323,169,-340
14,-18,1062,1.18,320,170,-340
10,-16,1066,0.96,323,166,-338
9,-14,1065,0.85,323,164,-339
11,-17,1063,1.7,322,164,-341
11,-18,1065,1.12,320,167,-340
9,-14,1065,0.85,323,165,-340
11,-10,1060,0.75,323,164,-336
6,-14,1067,0.8,323,167,-338
9,-11,1065,0.75,322,165,-337
7,-12,1065,0.69,324,166,-338
9,-11,1064,0.75,327,165,-337
9,-12,1065,0.8,324,164,-338
11,-13,1065,0.91,325,166,-339
12,-11,1068,0.85,325,164,-337
13,-12,1063,0.91,323,169,-341
17,-23,1065,1.5,321,169,-339
141,-38,1057,7.83,268,193,-364
102,-189,1048,11.5,278,274,-333
238,-284,1003,20.24,219,329,-332
172,-204,1042,14.28,238,281,-352
347,-221,988,22.58,169,311,-361
391,-297,941,27.58,146,351,-347
458,-302,913,31.1,109,369,-346
379,-278,956,26.2,156,337,-353
479,-288,906,31.67,104,359,-350
507,-308,886,33.82,93,374,-343
560,-288,851,36.49,56,377,-342
462,-366,885,33.68,107,400,-327
489,-286,903,32.12,98,358,-355
493,-317,890,33.39,95,374,-344
543,-296,857,35.82,61,376,-341
501,-326,878,34.24,92,384,-335
583,-288,830,38.7,41,379,-343
534,-272,876,34.39,72,347,-360
534,-268,876,34.31,75,359,-350
428,-277,935,28.6,136,344,-351
429,-277,938,28.57,125,342,-353
425,-256,950,27.6,132,343,-356
388,-267,957,26.18,151,338,-351
314,-262,988,22.44,184,323,-348
235,-170,1031,15.67,224,265,-363
205,-166,1039,14.17,238,267,-356
237,-161,1035,15.41,219,264,-364
137,-187,1048,12.39,264,274,-339
92,-85,1058,6.71,288,223,-345
66,-115,1059,7.7,297,225,-342
71,-4,1065,3.79,299,163,-352
10,-14,1069,0.9,323,167,-336
8,-12,1067,0.74,324,166,-340
11,-16,1067,1.1,321,170,-336
14,-16,1066,1.12,322,168,-336
10,-15,1061,0.96,323,165,-340
9,-14,1062,0.86,321,166,-335
8,-15,1066,0.91,323,168,-337
11,-16,1068,1.1,324,167,-339
8,-15,1065,0.91,323,169,-338
7,-10,1064,0.64,321,168,-337
8,-9,1070,0.64,322,165,-337
12,-12,1064,0.85,325,164,-338
9,-11,1066,0.75,322,165,-335
9,-13,1063,0.8,325,165,-338
8,-13,1067,0.8,322,163,-336
9,-13,1068,0.8,322,165,-337
8,-9,1064,0.64,323,166,-338
10,-16,1065,0.96,323,167,-340
17,-25,1065,1.6,322,170,-341
134,-55,1056,7.73,271,200,-362
82,-136,1061,8.43,285,236,-342
332,-314,961,25.41,165,357,-338
527,-218,896,32.5,72,318,-375
473,-320,897,32.52,100,369,-343
394,-305,942,27.89,146,353,-344
496,-300,893,33,92,367,-343
575,-338,821,39.4,44,399,-329
612,-305,806,40.26,25,384,-337
565,-354,820,39.8,47,409,-321
540,-323,854,36.38,68,374,-348
604,-294,813,39.51,36,385,-341
562,-326,830,38.3,53,384,-336
549,-294,856,36.1,67,366,-351
593,-304,817,39.18,38,388,-337
614,-265,816,39.29,32,360,-358
538,-305,861,35.68,75,372,-347
585,-275,832,37.82,37,366,-352
513,-288,882,33.73,87,366,-349
543,-284,866,35.28,64,367,-350
572,-268,846,36.74,56,365,-352
451,-281,925,29.9,122,354,-348
454,-278,920,30.7,113,354,-354
450,-227,944,28.13,117,322,-367
314,-256,990,22.25,182,323,-352
269,-222,1013,18.94,205,308,-352
169,-212,1038,14.6,249,288,-340
110,-164,1055,10.54,275,254,-345
149,-48,1054,8.38,263,192,-366
127,-25,1059,6.91,281,182,-360
20,-65,1063,3.64,318,190,-334
9,-16,1065,0.96,322,167,-337
9,-11,1066,0.75,323,166,-337
14,-14,1066,1.1,322,168,-340
12,-14,1068,0.96,320,167,-339
9,-16,1066,0.96,323,168,-339
14,-19,1066,1.23,323,168,-337
10,-15,1064,0.96,326,165,-337
9,-15,1066,0.91,323,166,-338
9,-12,1064,0.8,325,163,-337
7,-16,1066,0.91,323,163,-337
8,-14,1062,0.86,324,163,-340
12,-11,1065,0.85,324,166,-337
7,-10,1065,0.64,323,166,-337
9,-14,1068,0.85,323,165,-335
9,-12,1063,0.8,324,166,-339
10,-14,1065,0.91,326,163,-339
11,-15,1067,0.96,323,167,-338
22,-34,1064,2.14,320,172,-339
129,-90,1055,8.43,264,214,-360
186,-203,1034,14.86,242,284,-348
223,-322,997,21.41,218,340,-330
320,-281,981,23.43,177,345,-344
337,-301,966,25.4,168,351,-341
394,-309,939,28.6,138,358,-345
514,-301,874,34.27,81,373,-346
497,-292,893,32.86,97,364,-348
596,-331,809,40.6,30,401,-328
547,-319,851,36.66,59,391,-337
509,-322,875,34.56,85,385,-338
544,-311,852,36.32,59,382,-340
513,-295,880,33.92,84,369,-350
570,-310,838,37.72,53,384,-339
584,-265,840,37.35,43,357,-356
513,-307,876,34.31,85,372,-347
449,-270,929,29.41,121,347,-354
583,-256,847,36.92,44,356,-359
514,-313,870,34.66,79,389,-333
420,-279,942,28.19,137,340,-353
381,-260,969,25.46,157,331,-356
329,-213,998,21.38,183,300,-361
280,-258,1001,20.78,202,322,-343
350,-237,988,23.13,171,319,-356
263,-261,1006,20.18,206,327,-341
232,-186,1032,16.2,221,276,-358
184,-136,1044,12.28,246,262,-357
113,-89,1055,7.68,282,219,-351
80,-10,1060,4.29,299,168,-357
37,-48,1064,3.21,311,181,-343
10,-11,1067,0.74,323,165,-341
10,-13,1068,0.85,321,163,-340
9,-14,1066,0.85,324,166,-338
16,-24,1065,1.5,321,166,-341
12,-15,1067,1.1,323,165,-341
11,-11,1069,0.8,321,166,-337
11,-14,1066,0.91,323,168,-339
15,-14,1066,1.7,321,168,-339
12,-14,1066,0.96,323,168,-337
10,-11,1066,0.75,323,164,-338
10,-11,1069,0.74,325,165,-338
11,-13,1066,0.91,322,165,-341
11,-16,1065,1.1,321,166,-341
16,-17,1065,1.23,323,166,-340
9,-12,1068,0.8,320,166,-339
15,-18,1063,1.23,323,170,-341
12,-15,1067,1.1,323,167,-339
21,-20,1065,1.55,319,168,-337
41,-26,1062,2.57,311,171,-345
63,-152,1060,8.76,295,244,-333
152,-118,1053,10.29,260,233,-359
335,-227,995,22.1,169,318,-359
601,-311,814,39.69,30,390,-338
514,-342,861,35.65,74,400,-328
592,-323,814,39.62,38,401,-330
529,-295,871,34.81,76,374,-346
552,-314,844,36.97,58,384,-338
618,-319,798,41.3,21,408,-323
573,-304,837,37.75,51,380,-341
619,-332,784,41.82,19,410,-322
661,-265,779,42.41,-5,364,-352
636,-276,798,40.94,15,377,-344
523,-334,858,35.88,81,387,-337
675,-261,769,43.22,-5,370,-348
662,-272,776,42.63,4,383,-338
653,-260,794,41.45,9,368,-350
598,-308,813,39.56,29,388,-335
572,-315,834,38.7,49,386,-338
514,-304,880,34.19,88,363,-352
591,-285,828,38.38,36,380,-339
516,-284,888,33.54,87,363,-351
528,-365,841,37.32,63,420,-313
469,-272,916,30.66,107,347,-356
511,-279,890,33.22,87,359,-352
469,-275,913,30.77,107,355,-353
431,-236,948,27.41,130,330,-360
300,-224,1004,20.42,192,303,-359
299,-194,1013,19.35,196,292,-363
163,-194,1042,13.61,256,280,-343
167,-213,1044,14.46,249,288,-342
131,-130,1054,9.86,267,249,-349
145,-45,1058,8.9,269,197,-365
90,-121,1061,8.1,290,234,-342
71,-122,1061,7.54,295,232,-336
32,-57,1065,3.47,314,191,-339
38,-60,1062,3.8,306,185,-345
61,-46,1065,4.6,300,183,-348
67,-59,1062,4.77,298,188,-347
17,-145,1064,7.73,316,239,-323
66,-115,1062,7.5,291,233,-339
56,-168,1062,9.43,293,247,-334
188,-164,1042,13.4,239,254,-358
200,-219,1035,15.93,232,285,-349
261,-273,999,20.66,201,328,-342
292,-260,995,21.39,193,321,-347
376,-256,965,25.21,152,327,-357
445,-290,925,29.9,117,362,-348
523,-276,883,33.83,79,360,-353
515,-314,875,34.61,80,382,-337
534,-301,865,35.3,66,373,-345
560,-285,855,36.31,58,366,-353
606,-297,815,39.58,32,382,-341
617,-281,808,39.93,22,368,-349
623,-299,801,40.75,24,384,-340
636,-262,804,40.48,15,364,-349
624,-261,815,39.65,24,363,-354
704,-253,744,45.13,-22,369,-346
602,-297,816,39.41,38,384,-336
547,-312,853,36.41,66,386,-340
616,-309,801,40.68,23,392,-334
628,-288,800,40.74,16,376,-345
624,-300,798,40.89,18,390,-338
561,-296,851,36.71,55,373,-347
523,-282,880,34.5,80,358,-351
591,-270,833,37.93,37,366,-353
505,-296,890,33.34,91,368,-345
537,-277,873,34.71,68,358,-354
503,-312,888,33.68,92,372,-343
463,-271,923,30.18,111,345,-359
411,-296,940,28.32,133,349,-353
429,-271,937,28.45,125,345,-354
350,-312,962,25.96,162,364,-336
409,-267,951,27.19,136,336,-359
245,-210,1026,17.4,214,300,-353
267,-197,1018,17.99,210,295,-353
115,-150,1059,10.8,277,262,-340
96,-107,1060,7.65,281,237,-348
214,-199,1036,15.71,226,290,-350
190,-122,1046,12.1,241,258,-356
190,-155,1045,13.16,245,269,-351
138,-171,1052,11.72,263,272,-342
103,-92,1061,7.38,283,225,-346
149,-124,1054,10.34,263,246,-351
93,-132,1062,8.58,287,250,-338
66,-131,1059,7.81,290,226,-341
74,-67,1063,5.29,295,204,-346
57,-93,1063,5.82,298,205,-343
48,-50,1063,3.69,309,188,-343
21,-125,1067,6.7,311,222,-330
38,-53,1067,3.47,309,179,-347
25,-54,1067,3.15,316,184,-341
-1,-108,1064,5.77,320,209,-327
64,-178,1059,10.8,293,263,-329
124,-238,1042,14.39,265,291,-333
143,-162,1052,11.56,255,262,-347
134,-226,1047,14.1,263,292,-332
305,-291,986,23.12,182,346,-338
343,-299,969,25.17,167,341,-344
436,-277,934,28.96,124,344,-355
506,-286,896,32.99,88,368,-348
550,-278,862,35.58,60,369,-351
626,-273,811,40.3,20,371,-349
645,-285,790,41.72,12,381,-339
642,-283,786,41.69,11,379,-343
650,-312,772,43.2,8,401,-330
642,-271,793,41.25,11,369,-349
625,-287,803,40.52,21,385,-339
630,-295,796,41.9,14,391,-335
658,-266,786,42.3,5,370,-348
646,-298,776,42.46,6,394,-333
565,-307,843,37.33,57,378,-343
624,-300,800,40.84,19,387,-339
613,-288,813,39.77,26,373,-346
596,-293,824,38.85,34,382,-341
651,-262,792,41.48,9,366,-349
617,-295,808,40.19,23,385,-337
584,-279,836,37.74,48,369,-349
580,-271,848,37.6,46,365,-352
514,-299,882,33.99,82,369,-348
524,-272,882,33.8,78,358,-355
480,-286,911,31.52,106,363,-347
486,-264,916,31.15,101,341,-358
444,-254,943,28.49,122,333,-362
333,-244,990,22.59,173,314,-358
337,-211,998,21.68,175,308,-359
344,-244,988,23.8,164,318,-360
306,-181,1013,19.29,186,281,-368
274,-231,1017,19.37,200,315,-349
273,-166,1023,17.29,199,276,-367
174,-142,1051,11.99,252,265,-351
81,-181,1058,10.56,285,261,-336
108,-136,1059,9.24,276,246,-344
131,-98,1057,8.73,270,228,-355
84,-143,1061,8.8,284,243,-341
92,-132,1061,8.54,275,233,-349
178,-126,1050,11.69,253,248,-361
150,-125,1056,10.42,260,242,-354
169,-219,1039,14.84,246,292,-343
256,-207,1023,17.8,208,293,-358
275,-221,1015,19.1,199,295,-358
332,-228,998,21.94,173,315,-362
329,-236,1000,22,179,315,-358
289,-245,1003,20.64,198,314,-351
497,-268,907,31.92,91,352,-357
442,-254,946,28.31,125,335,-363
517,-274,887,33.44,81,349,-361
500,-280,900,32.53,91,354,-355
519,-282,885,33.73,81,361,-351
589,-289,829,38.35,37,381,-345
587,-298,833,38.31,37,386,-338
567,-284,851,36.71,54,368,-353
601,-299,820,39.29,34,385,-339
593,-302,827,38.79,37,385,-338
574,-293,842,37.41,48,379,-345
620,-262,815,39.53,20,362,-353
579,-288,839,37.6,49,373,-348
577,-289,841,37.49,50,369,-349
605,-282,824,38.99,33,377,-343
618,-293,811,40.8,22,383,-341
581,-290,840,37.69,48,376,-346
596,-275,835,38.15,39,364,-352
599,-282,823,38.81,35,378,-343
596,-264,836,37.91,40,357,-356
590,-256,849,37.15,40,358,-357
543,-302,862,35.79,64,377,-341
518,-271,891,33.27,81,351,-357
517,-281,888,33.54,81,363,-351
546,-256,873,34.66,63,351,-360
497,-262,907,31.77,97,345,-362
492,-275,906,31.89,94,358,-354
342,-225,996,22.32,174,309,-360
363,-243,981,23.97,161,325,-357
240,-241,1022,18.38,217,303,-349
225,-199,1037,16.1,228,294,-348
208,-169,1045,14.35,236,272,-356
156,-154,1056,11.68,251,255,-354
152,-174,1056,12.3,259,263,-348
100,-95,1060,7.33,285,227,-348
38,-92,1062,5.3,311,206,-338
17,-30,1073,1.8,324,174,-342
10,-15,1070,0.96,324,166,-339
11,-10,1073,0.74,322,168,-340
9,-14,1071,0.85,321,167,-339
8,-15,1071,0.9,322,169,-341
11,-17,1070,1.6,322,166,-339
9,-15,1068,0.9,323,166,-337
12,-15,1069,1.1,322,170,-338
13,-12,1072,0.9,323,167,-339
12,-15,1071,1.1,322,166,-340
15,-11,1073,0.95,321,166,-340
14,-14,1075,1.1,321,168,-341
19,-25,1071,1.65,317,170,-342
38,-65,1069,3.99,308,194,-340
92,-211,1052,12.29,277,279,-330
145,-152,1058,11.19,263,267,-346
268,-203,1023,18.16,206,289,-360
334,-266,986,23.37,172,327,-352
387,-288,959,26.71,148,347,-348
379,-270,966,25.73,152,335,-356
508,-271,902,32.56,87,352,-355
556,-296,856,36.32,58,373,-346
548,-301,856,36.16,59,380,-343
536,-290,874,34.9,69,372,-348
647,-286,789,41.84,9,383,-341
624,-273,814,39.9,22,365,-352
638,-281,799,41.7,17,379,-344
669,-267,775,42.86,0,371,-349
591,-302,831,38.57,39,386,-339
563,-270,862,35.92,57,352,-357
629,-279,808,40.4,16,377,-346
561,-298,847,36.87,56,374,-347
611,-269,824,38.99,33,369,-352
634,-261,810,40.19,17,372,-350
590,-294,832,38.37,38,378,-344
471,-281,919,30.85,108,354,-351
479,-280,915,31.22,103,351,-355
448,-274,936,29.32,117,344,-355
495,-257,916,31.34,96,345,-361
387,-260,970,25.68,148,335,-353
389,-291,957,26.91,139,346,-352
366,-235,984,23.81,151,314,-366
310,-186,1017,19.52,192,292,-364
144,-148,1059,10.97,262,253,-350
120,-184,1055,11.69,267,276,-341
135,-117,1059,9.5,268,241,-351
120,-102,1062,8.37,275,232,-348
76,-25,1068,4.26,302,176,-346
36,-39,1072,2.81,314,178,-340
9,-12,1075,0.79,321,166,-339
6,-6,1074,0.42,326,165,-336
9,-12,1073,0.79,322,167,-338
14,-20,1075,1.27,322,171,-338
12,-15,1076,1,323,168,-338
8,-9,1073,0.64,324,166,-340
12,-10,1078,0.79,321,165,-338
9,-10,1072,0.69,326,168,-340
9,-12,1073,0.79,324,166,-338
8,-11,1072,0.69,324,168,-339
8,-12,1072,0.74,327,166,-339
14,-15,1070,1.6,323,166,-338
30,-33,1075,2.33,313,175,-342
54,-139,1072,7.88,300,242,-334
67,-165,1065,9.45,291,255,-333
142,-261,1038,15.93,265,313,-322
359,-220,991,23.2,160,313,-365
234,-263,1018,19.5,226,321,-337
468,-288,918,30.92,107,359,-352
455,-275,930,29.76,112,354,-354
579,-326,832,38.58,42,402,-329
589,-307,829,38.68,39,387,-338
626,-315,799,41.19,16,397,-333
653,-315,773,43.14,1,403,-328
583,-273,849,37.15,48,360,-353
650,-271,790,41.68,4,377,-345
615,-300,815,39.98,25,388,-336
670,-279,769,43.29,-2,391,-336
576,-286,847,37.21,48,376,-347
595,-292,827,38.67,36,383,-344
592,-303,821,38.99,35,381,-339
624,-290,806,40.45,17,387,-336
543,-292,866,35.45,70,373,-345
578,-284,847,37.26,38,370,-351
531,-272,883,34.4,73,360,-352
502,-245,918,31.33,98,339,-363
400,-285,953,27.29,143,343,-350
416,-255,959,26.94,135,342,-356
360,-244,988,23.72,165,322,-356
381,-232,983,24.42,154,313,-366
284,-224,1017,19.52,196,307,-354
274,-172,1029,17.4,204,274,-368
245,-177,1035,16.24,221,286,-356
136,-178,1057,11.93,256,263,-351
164,-126,1057,10.99,258,249,-352
92,-72,1067,6.18,291,216,-346
67,-120,1067,7.28,298,235,-335
30,-31,1075,2.28,316,174,-341
21,-27,1070,1.81,317,171,-340
6,-9,1075,0.53,322,164,-340
9,-8,1072,0.64,326,162,-337
6,-11,1073,0.64,325,165,-338
10,-12,1079,0.79,323,167,-338
8,-11,1073,0.69,323,168,-341
10,-14,1077,0.9,323,167,-341
9,-11,1072,0.74,325,167,-339
5,-12,1075,0.69,325,165,-335
8,-9,1078,0.63,325,166,-334
6,-9,1073,0.53,323,165,-336
9,-11,1078,0.74,324,167,-337
11,-10,1075,0.74,323,164,-340
6,-12,1074,0.69,321,164,-339
17,-23,1074,1.48,321,169,-338
35,-42,1070,2.87,315,180,-343
143,-100,1057,9.31,259,220,-363
181,-100,1055,11.1,252,231,-365
92,-210,1058,12.17,282,282,-327
381,-230,980,24.43,151,319,-360
303,-275,995,22.35,186,338,-343
356,-269,981,24.46,163,334,-353
433,-253,950,27.83,124,331,-362
537,-306,868,35.47,69,382,-341
515,-291,891,33.59,83,360,-352
570,-302,845,37.37,50,384,-344
568,-279,858,36.39,53,365,-354
607,-297,816,39.57,31,387,-340
609,-314,814,40.7,26,396,-332
595,-278,839,38.2,43,367,-350
649,-274,792,41.6,7,376,-344
566,-281,860,36.28,57,364,-351
576,-332,832,38.58,44,390,-334
502,-313,895,33.47,91,356,-353
552,-296,864,35.95,64,370,-350
539,-274,876,34.61,69,356,-354
535,-273,882,34.26,67,355,-356
493,-283,907,32.9,92,358,-357
424,-271,949,27.96,131,341,-354
435,-268,945,28.39,122,345,-357
328,-295,982,24.2,173,346,-340
298,-237,1010,20.6,192,313,-354
265,-203,1027,17.94,206,290,-360
214,-198,1041,15.58,231,288,-350
170,-184,1050,13.35,246,283,-346
134,-87,1063,8.47,266,223,-358
100,-159,1065,9.92,277,254,-341
94,-94,1068,7.1,286,207,-353
23,-70,1073,3.87,316,191,-338
10,-13,1073,0.85,321,167,-338
9,-12,1074,0.79,321,166,-337
10,-12,1073,0.79,322,166,-342
7,-10,1077,0.63,327,164,-337
8,-11,1078,0.69,325,163,-337
6,-11,1078,0.63,324,162,-337
9,-11,1077,0.74,325,166,-337
6,-8,1075,0.53,322,167,-338
10,-10,1072,0.74,324,163,-340
5,-11,1075,0.63,323,163,-336
10,-14,1072,0.9,320,166,-340
9,-8,1074,0.64,324,165,-338
13,-11,1074,0.9,323,170,-339
27,-31,1070,2.18,319,177,-341
157,-51,1062,8.79,261,202,-370
138,-196,1054,12.74,264,287,-334
181,-255,1036,16.73,242,313,-335
309,-262,998,22.8,183,325,-351
435,-315,929,30.7,120,369,-342
429,-289,943,28.77,131,355,-349
455,-285,929,30.3,114,357,-349
544,-334,854,36.76,59,400,-331
617,-306,813,40.22,23,397,-333
589,-305,827,38.72,42,391,-337
548,-298,866,35.76,67,365,-352
583,-313,838,38.27,46,387,-335
576,-309,843,37.76,48,384,-342
673,-310,760,44.23,-14,399,-329
627,-274,812,40.9,20,374,-347
665,-237,796,41.51,-1,346,-361
565,-305,850,37.7,55,376,-342
627,-288,810,40.35,16,383,-338
560,-282,860,36.7,59,363,-355
542,-285,873,35.6,64,370,-348
491,-289,912,32,97,362,-350
483,-279,918,31.28,100,355,-352
516,-261,901,32.73,83,351,-357
410,-236,969,26.4,141,322,-365
464,-269,928,30.5,108,356,-350
395,-276,959,26.66,139,352,-351
222,-237,1036,17.34,228,297,-348
240,-189,1037,16.36,217,289,-354
139,-195,1057,12.7,253,271,-348
171,-115,1057,10.99,254,245,-357
144,-87,1061,8.96,263,221,-359
107,-82,1067,7.13,279,203,-358
31,-96,1076,5.28,315,213,-334
14,-19,1077,1.21,321,166,-337
11,-9,1076,0.74,321,168,-340
6,-6,1077,0.42,324,165,-338
8,-10,1078,0.63,323,165,-340
10,-8,1075,0.63,324,168,-339
7,-6,1077,0.47,323,168,-338
7,-10,1077,0.63,320,164,-341
8,-8,1079,0.58,323,165,-339
10,-7,1079,0.63,322,167,-339
5,-9,1076,0.53,325,164,-338
7,-9,1076,0.58,324,163,-338
6,-9,1076,0.53,321,166,-340
6,-8,1078,0.53,323,165,-337
9,-9,1076,0.63,322,167,-339
9,-9,1077,0.63,322,165,-336
7,-9,1076,0.58,323,166,-340
11,-11,1078,0.79,323,166,-338
10,-11,1077,0.74,322,167,-340
18,-22,1078,1.48,319,170,-338
53,-78,1069,5,298,201,-345
73,-178,1063,10.2,288,265,-331
98,-204,1062,11.98,281,281,-325
281,-309,991,22.82,194,346,-335
219,-252,1028,17.92,228,310,-344
323,-281,990,23.39,174,338,-347
386,-257,976,25.4,150,330,-355
418,-285,947,28.1,132,351,-350
472,-269,926,30.42,106,342,-360
469,-291,927,30.77,110,361,-348
509,-313,888,33.94,88,377,-344
562,-314,849,37.15,54,382,-339
508,-289,898,33.8,87,360,-353
514,-284,894,33.32,83,359,-350
556,-299,859,36.31,55,376,-341
488,-282,916,31.61,98,356,-352
585,-247,860,36.45,44,345,-364
536,-268,885,34.12,70,356,-358
538,-310,868,35.56,68,384,-340
456,-303,927,30.58,112,364,-347
455,-267,938,29.36,119,351,-354
354,-232,995,23.3,169,315,-360
380,-246,979,24.8,153,328,-360
356,-243,993,23.47,167,324,-356
262,-292,1005,21.3,203,342,-336
317,-230,1010,21.15,183,310,-356
192,-227,1039,15.92,236,296,-345
210,-195,1049,15.21,230,280,-355
188,-184,1050,14.2,234,271,-356
116,-175,1065,11.6,274,270,-338
98,-106,1070,7.63,282,231,-346
114,-39,1068,6.38,275,180,-362
84,-21,1075,4.55,292,173,-355
26,-19,1077,1.69,319,167,-344
16,-16,1077,1.16,322,168,-337
7,-12,1079,0.68,322,164,-338
8,-11,1078,0.69,322,164,-340
12,-15,1078,1,323,167,-338
21,-25,1077,1.69,319,172,-338
18,-21,1076,1.43,320,171,-337
12,-24,1076,1.37,321,172,-338
15,-21,1073,1.33,321,169,-340
18,-123,1070,6.58,315,226,-330
112,-33,1069,6.16,284,182,-360
45,-109,1070,6.21,298,228,-339
98,-82,1068,6.75,282,223,-350
234,-146,1046,14.69,216,257,-368
275,-251,1012,20.17,197,319,-346
220,-293,1015,19.81,221,339,-329
426,-289,948,28.5,127,357,-349
479,-276,920,31,101,354,-355
512,-286,894,33.27,82,368,-350
614,-263,830,38.79,31,366,-355
524,-329,873,35.33,73,396,-331
603,-249,846,37.62,34,354,-358
553,-323,856,36.8,64,389,-336
642,-306,795,41.79,6,389,-335
583,-292,838,37.89,48,378,-347
594,-295,832,38.54,34,382,-342
583,-304,835,38.2,43,388,-339
599,-269,840,37.99,39,361,-352
591,-268,848,37.39,41,372,-348
542,-277,877,34.77,71,360,-354
576,-296,849,37.31,46,377,-344
618,-272,824,39.32,26,377,-346
545,-302,872,35.57,63,372,-347
489,-290,910,32,97,361,-351
461,-284,928,30.28,117,360,-352
515,-265,903,32.71,81,346,-360
536,-262,889,33.87,71,356,-357
525,-292,883,34.23,73,376,-345
434,-309,936,29.64,124,373,-338
458,-278,934,29.84,112,344,-355
435,-263,946,28.27,125,339,-357
428,-270,951,28.5,124,358,-347
367,-263,980,24.72,156,327,-356
366,-288,972,25.59,160,349,-345
301,-240,1013,20.75,188,310,-355
314,-216,1013,20.6,182,302,-361
213,-160,1050,14.18,229,261,-362
186,-172,1057,13.42,239,272,-352
132,-76,1067,8.7,272,220,-355
91,-82,1071,6.47,288,217,-344
96,-62,1069,6.6,285,193,-354
76,-40,1074,4.5,299,188,-353
57,-38,1072,3.61,306,181,-345
48,-33,1077,3.6,304,177,-348
25,-30,1076,2.6,315,176,-343
15,-37,1076,2.6,318,179,-340
27,-73,1074,4.8,319,203,-338
91,-47,1074,5.4,290,187,-356
73,-129,1069,7.85,297,243,-334
114,-128,1068,9.6,271,233,-352
189,-214,1045,15.22,240,295,-344
253,-236,1028,18.53,211,312,-346
344,-255,994,23.3,167,328,-353
308,-261,1001,21.92,185,332,-344
295,-204,1024,19.25,194,287,-364
330,-250,994,22.61,171,320,-356
350,-284,984,24.59,167,346,-342
451,-262,945,28.9,113,335,-360
467,-284,926,30.57,108,364,-350
518,-293,891,33.77,76,365,-353
426,-251,961,27.23,129,327,-366
460,-271,933,29.77,112,342,-357
523,-273,891,33.51,74,351,-358
471,-272,924,30.48,107,350,-355
432,-331,927,30.45,124,380,-332
468,-267,934,29.98,110,339,-361
448,-276,940,29.26,117,345,-358
508,-291,898,33.11,82,367,-351
448,-271,944,29.2,122,346,-353
463,-275,930,30.8,109,349,-355
500,-264,917,31.68,92,349,-357
441,-224,966,27.11,125,318,-371
420,-274,960,27.59,134,354,-348
413,-246,971,26.32,139,325,-365
384,-242,984,24.73,156,324,-359
411,-235,979,25.81,138,316,-367
357,-254,988,23.92,162,324,-354
320,-155,1019,19.19,183,268,-377
271,-222,1027,18.8,204,307,-353
205,-164,1052,13.95,234,274,-353
216,-138,1053,13.62,231,257,-363
61,-151,1071,8.57,297,249,-332
89,-166,1066,9.96,285,258,-332
129,-92,1066,8.39,264,214,-363
154,-73,1066,9.2,264,219,-361
70,-13,1075,3.76,298,170,-352
21,-19,1080,1.48,320,169,-341
8,-7,1083,0.52,323,166,-339
9,-9,1078,0.63,321,165,-341
8,-13,1078,0.79,323,165,-339
12,-10,1080,0.79,324,166,-339
11,-8,1080,0.68,321,165,-340
7,-9,1082,0.58,321,164,-341
13,-11,1082,0.89,322,166,-339
7,-7,1081,0.47,321,164,-338
9,-11,1079,0.74,323,164,-338
5,-8,1079,0.47,325,161,-339
10,-11,1083,0.73,322,168,-341
17,-20,1080,1.37,321,169,-340
22,-26,1078,1.8,321,172,-340
44,-39,1077,3.6,307,182,-345
55,-64,1076,4.44,303,202,-342
15,-133,1076,7.1,314,235,-324
70,-66,1073,5.9,295,207,-346
93,-123,1074,8.13,280,238,-346
214,-275,1026,18.71,225,321,-336
276,-305,1001,22.32,193,347,-333
297,-270,1000,21.85,190,332,-345
366,-293,974,25.68,156,347,-345
491,-307,905,32.64,94,368,-346
515,-322,879,34.65,78,389,-338
523,-294,887,34.6,75,377,-343
502,-308,901,33.16,95,371,-345
559,-313,856,36.8,55,390,-333
430,-301,938,29.22,126,359,-346
488,-281,917,31.59,99,354,-352
514,-248,912,32.4,85,339,-366
497,-289,908,32.33,91,361,-352
466,-320,914,31.75,103,374,-339
379,-287,969,26.14,150,348,-348
501,-285,907,32.45,92,362,-351
428,-283,948,28.45,128,355,-351
475,-246,938,29.7,104,342,-360
362,-256,990,24.11,163,330,-354
381,-260,979,25.23,154,337,-352
380,-250,985,24.75,152,327,-360
299,-245,1010,20.9,189,313,-353
258,-169,1042,16.44,212,282,-359
154,-187,1057,12.86,252,276,-345
116,-165,1065,10.65,269,259,-343
153,-130,1063,10.62,262,250,-350
154,-91,1061,9.49,255,219,-363
46,-103,1072,5.94,308,223,-337
21,-26,1079,1.74,319,170,-339
7,-17,1079,0.95,321,169,-341
4,-5,1078,0.32,325,162,-337
7,-7,1084,0.47,324,164,-339
9,-11,1082,0.73,322,166,-339
9,-12,1084,0.79,322,167,-337
7,-7,1083,0.47,321,166,-339
10,-11,1080,0.74,322,166,-340
10,-10,1083,0.73,323,165,-339
14,-11,1083,0.89,321,163,-336
10,-9,1083,0.68,321,165,-339
10,-11,1079,0.74,324,168,-341
10,-9,1082,0.68,323,167,-339
8,-8,1081,0.58,325,164,-338
10,-11,1083,0.73,323,165,-339
7,-7,1083,0.47,323,166,-339
8,-7,1084,0.52,321,167,-339
7,-13,1081,0.74,324,168,-338
14,-32,1080,1.79,321,175,-337
37,-48,1079,3.17,313,182,-342
35,-71,1076,4.18,311,201,-338
22,-73,1078,4.1,313,206,-337
220,-134,1052,13.69,232,254,-364
193,-192,1052,14.46,240,280,-348
322,-210,1013,20.75,181,309,-361
258,-241,1029,18.91,209,306,-352
290,-266,1007,21.31,191,325,-348
333,-318,979,25.18,169,361,-338
437,-306,937,29.67,118,372,-341
550,-304,865,36,57,385,-338
390,-282,966,26.5,148,342,-348
429,-299,945,28.95,126,362,-345
448,-316,931,30.52,120,382,-337
408,-248,971,26.18,135,316,-369
439,-292,941,29.29,125,361,-346
509,-320,890,34.6,79,380,-344
483,-288,919,31.48,102,367,-349
414,-275,959,27.43,136,342,-355
429,-294,944,28.88,126,354,-350
447,-289,939,29.57,120,362,-347
333,-215,1010,21.4,176,304,-362
332,-220,1008,21.54,177,306,-362
434,-251,959,27.62,126,340,-359
352,-194,1008,21.69,171,288,-369
253,-249,1025,19.3,208,313,-349
230,-172,1051,15.24,228,286,-351
197,-159,1057,13.42,238,275,-354
151,-114,1063,10.4,257,241,-356
134,-121,1064,9.56,266,236,-350
61,-56,1074,4.34,301,188,-347
40,-60,1079,3.8,309,194,-343
33,-59,1080,3.53,311,186,-344
30,-70,1075,4.2,315,193,-336
21,-28,1081,1.84,321,170,-339
17,-28,1085,1.68,320,173,-342
15,-20,1080,1.32,321,166,-340
30,-27,1084,2.1,315,173,-344
41,-43,1077,3.12,312,185,-345
40,-39,1078,2.9,311,179,-348
32,-33,1078,2.38,314,173,-343
23,-42,1079,2.48,317,181,-338
16,-153,1074,8.7,312,248,-323
46,-107,1073,6.14,304,227,-337
72,-175,1072,9.96,283,253,-338
146,-180,1061,12.24,257,272,-344
235,-298,1009,20.58,220,343,-325
256,-325,999,22.46,203,353,-327
321,-260,1001,22.42,178,322,-351
419,-251,967,26.81,137,331,-361
513,-286,901,33.11,82,362,-352
505,-295,902,32.95,89,374,-342
432,-317,935,29.82,128,368,-343
466,-298,922,30.99,112,361,-348
531,-307,878,34.96,71,380,-340
541,-347,857,36.84,64,400,-327
584,-284,850,37.38,45,377,-348
569,-265,871,35.76,56,357,-357
551,-288,869,35.58,60,366,-349
599,-307,828,39.9,35,393,-334
583,-288,847,37.52,43,379,-341
523,-310,880,34.62,75,377,-344
587,-256,855,36.83,42,367,-352
540,-297,875,35.18,68,378,-345
563,-285,866,36.9,55,371,-351
506,-333,893,34.15,84,394,-333
518,-281,898,33.3,78,360,-349
564,-285,860,36.28,56,368,-351
470,-276,930,30.4,109,357,-353
511,-274,904,32.68,89,354,-356
446,-248,958,28.6,123,322,-368
493,-282,915,31.82,100,358,-352
477,-282,925,30.95,109,361,-350
474,-240,942,29.44,106,327,-366
484,-255,929,30.54,102,342,-361
442,-242,962,27.63,120,336,-361
337,-267,992,23.39,170,331,-352
345,-332,968,26.3,161,366,-333
384,-268,972,25.73,146,334,-355
367,-249,991,24.1,159,325,-358
253,-189,1036,16.88,216,283,-358
267,-219,1028,18.53,205,303,-351
214,-171,1053,14.5,236,277,-351
194,-155,1058,13.15,240,261,-359
287,-159,1032,17.61,195,275,-372
203,-167,1050,13.97,235,272,-357
258,-189,1041,17.1,211,281,-360
215,-178,1050,14.84,229,267,-362
155,-195,1056,13.23,251,278,-344
130,-204,1060,12.77,264,288,-334
233,-162,1049,15.6,223,268,-361
209,-204,1049,15.52,230,283,-351
231,-202,1043,16.32,217,286,-356
231,-188,1046,15.82,220,279,-356
250,-223,1035,17.91,215,302,-350
258,-192,1038,17.16,209,294,-354
310,-168,1028,18.88,190,276,-370
302,-244,1014,20.93,189,324,-349
347,-227,1005,22.39,170,307,-362
307,-259,1008,21.69,186,329,-346
360,-247,991,23.75,160,317,-360
444,-264,947,28.62,123,349,-355
445,-243,960,27.87,123,334,-362
450,-273,944,29.16,115,353,-357
444,-298,936,29.74,120,355,-351
420,-269,958,27.49,131,344,-353
443,-280,946,29.1,123,351,-352
510,-288,902,33,85,366,-349
508,-267,912,32.18,86,350,-360
537,-283,885,34.47,67,368,-351
442,-246,959,27.8,125,320,-365
547,-271,881,34.72,63,366,-353
550,-276,879,35.1,62,368,-348
433,-299,939,29.29,126,351,-352
438,-265,952,28.26,124,342,-355
329,-265,994,23.1,183,312,-359
441,-262,951,28.33,122,341,-357
474,-260,938,29.97,105,346,-357
447,-272,943,29.5,116,346,-358
414,-281,959,27.57,136,358,-343
382,-255,983,25.4,148,326,-361
453,-302,930,30.36,111,367,-346
417,-273,959,27.47,132,343,-358
453,-236,958,28.6,115,327,-368
395,-228,986,24.83,145,308,-369
288,-271,1008,21.39,201,326,-342
394,-253,977,25.61,141,333,-355
290,-266,1006,21.33,195,321,-348
412,-247,972,26.3,138,335,-357
355,-247,996,23.45,170,323,-357
316,-227,1011,21.3,185,314,-356
371,-260,984,24.73,150,335,-354
376,-231,993,23.96,153,324,-362
333,-208,1015,21.11,175,305,-364
372,-263,980,24.92,151,334,-353
395,-265,976,25.97,144,344,-351
352,-245,996,23.26,166,325,-359
307,-201,1021,19.7,192,297,-363
292,-201,1030,18.95,193,289,-362
241,-245,1031,18.38,216,322,-339
284,-220,1029,19.21,198,309,-352
321,-183,1020,19.87,179,286,-369
274,-242,1027,19.55,197,314,-348
284,-198,1028,18.58,200,302,-357
205,-209,1046,15.57,234,288,-346
247,-241,1032,18.46,217,318,-339
321,-221,1011,21.3,175,306,-363
278,-241,1023,19.72,198,310,-353
390,-255,982,25.36,144,332,-361
421,-253,964,27.2,129,325,-364
403,-241,980,25.59,141,319,-367
435,-299,944,29.21,126,356,-349
476,-268,934,30.35,109,348,-355
455,-286,936,29.88,113,359,-349
505,-293,908,32.74,86,364,-349
494,-300,907,32.5,92,371,-345
584,-264,857,36.77,44,364,-353
474,-302,922,31.4,108,367,-346
490,-288,917,31.81,99,367,-350
516,-294,897,33.51,83,373,-345
528,-274,897,33.54,72,358,-357
483,-240,939,29.9,105,330,-368
463,-280,933,30.15,113,356,-350
505,-264,909,32.8,88,349,-359
474,-290,928,30.92,106,360,-350
518,-261,907,32.64,81,355,-356
512,-282,902,32.95,83,362,-353
479,-274,930,30.69,108,357,-352
495,-288,913,32.11,95,366,-347
503,-241,925,31.9,94,334,-368
520,-288,893,33.66,76,369,-350
482,-263,929,30.61,105,343,-360
407,-266,966,26.73,141,338,-357
439,-272,951,28.52,123,351,-353
432,-209,972,26.26,135,313,-370
376,-241,988,24.3,152,316,-363
331,-239,1003,22.13,177,318,-356
402,-219,989,24.81,146,310,-370
293,-269,1006,21.53,192,321,-352
407,-256,968,26.4,137,343,-352
440,-273,948,28.64,121,346,-354
442,-261,952,28.35,123,344,-355
380,-196,998,23.17,158,301,-373
304,-228,1018,20.45,190,311,-355
284,-184,1032,18.11,201,290,-364
248,-284,1018,20.31,214,332,-335
178,-216,1050,14.84,245,284,-345
338,-229,1005,22.9,170,312,-360
299,-231,1017,20.33,187,314,-355
288,-229,1020,19.77,195,306,-354
348,-232,1001,22.67,164,314,-362
337,-235,1005,22.19,171,312,-361
324,-231,1010,21.45,180,301,-363
400,-268,972,26.35,140,342,-351
328,-238,1011,21.82,182,318,-353
464,-287,931,30.38,104,366,-345
429,-229,970,26.63,128,315,-368
459,-289,933,30.19,111,359,-352
443,-282,943,29.14,116,355,-349
528,-255,900,33.11,75,351,-356
501,-298,907,32.72,91,369,-344
499,-265,921,31.56,95,351,-354
425,-311,948,29.5,127,370,-340
516,-265,904,32.71,81,351,-359
485,-286,921,31.48,100,364,-351
445,-282,942,29.22,121,355,-349
502,-270,914,31.99,91,361,-352
520,-261,900,32.87,80,350,-358
484,-258,935,30.41,102,338,-361
524,-269,892,33.47,77,358,-352
478,-278,928,30.78,105,352,-355
533,-261,895,33.56,71,355,-359
510,-276,905,32.64,88,360,-354
560,-251,883,34.8,60,352,-360
506,-292,908,32.79,84,370,-350
511,-263,909,32.31,86,348,-357
480,-269,928,30.7,103,344,-360
525,-283,890,33.85,76,368,-348
535,-284,888,34.3,72,367,-349
543,-268,888,34.3,69,360,-357
507,-297,903,33.7,89,370,-346
477,-270,932,30.49,104,350,-356
446,-248,955,28.14,125,334,-363
476,-252,937,29.91,105,343,-361
499,-250,929,31.2,95,339,-364
496,-256,925,31.14,98,339,-363
416,-256,969,26.76,138,337,-358
482,-240,941,29.79,101,332,-366
472,-252,941,29.65,103,339,-362
463,-244,948,28.92,111,340,-360
413,-236,979,25.91,138,323,-365
396,-266,972,26.16,147,340,-356
368,-276,981,25.14,159,342,-348
482,-247,936,30.7,103,340,-362
389,-228,986,24.54,147,315,-368
443,-240,967,27.51,122,328,-365
425,-255,966,27.16,133,336,-357
430,-220,972,26.45,126,317,-370
470,-262,935,29.95,105,353,-354
486,-248,938,30.19,98,337,-363
435,-252,961,27.62,122,335,-360
372,-241,992,24.7,157,319,-360
447,-260,951,28.57,118,342,-357
437,-246,962,27.54,128,334,-360
468,-277,928,30.37,108,352,-353
503,-272,913,32.6,90,360,-354
508,-275,908,32.47,86,361,-349
509,-259,913,32.6,88,344,-359
499,-243,929,30.9,97,341,-361
495,-260,926,31.15,95,346,-358
520,-274,904,33.4,80,363,-354
541,-257,892,33.87,65,352,-362
551,-256,888,34.39,64,354,-358
467,-287,930,30.55,109,361,-348
481,-273,928,30.83,101,355,-353
528,-258,901,33.11,71,341,-364
574,-275,860,36.49,46,369,-349
571,-270,864,36.17,51,368,-350
556,-284,874,35.54,56,372,-347
589,-258,859,36.83,45,364,-353
579,-252,869,36,44,354,-360
568,-265,873,35.66,54,362,-357
487,-268,922,31.8,98,348,-359
493,-275,917,31.64,93,351,-359
531,-278,888,34.4,74,369,-350
458,-254,951,28.84,114,335,-361
541,-255,893,33.85,65,361,-355
552,-278,871,35.38,57,368,-349
460,-285,934,30.11,114,357,-353
523,-250,905,32.64,75,342,-363
475,-284,929,30.8,102,362,-352
461,-258,945,29.22,114,340,-359
500,-273,917,31.86,93,353,-356
514,-265,908,32.52,80,349,-361
444,-249,959,27.99,122,335,-363
432,-274,953,28.23,127,351,-352
462,-259,943,29.33,110,344,-357
454,-245,957,28.31,120,328,-363
493,-259,927,30.99,95,349,-356
466,-254,944,29.35,106,338,-363
479,-239,943,29.61,103,341,-362
493,-256,931,30.84,95,352,-355
406,-237,981,25.62,139,332,-361
280,-200,1032,18.41,203,277,-365
400,-256,972,26.2,139,323,-360
415,-254,973,26.57,134,339,-358
412,-221,983,25.43,139,314,-368
462,-243,952,28.77,113,331,-366
420,-224,975,26.5,134,316,-369
340,-266,993,23.47,170,342,-344
359,-230,1000,23.8,165,322,-359
284,-234,1025,19.68,196,303,-356
233,-201,1044,16.35,220,292,-351
274,-248,1022,19.84,200,318,-347
238,-163,1053,15.26,222,270,-360
267,-175,1042,16.99,199,279,-368
263,-225,1033,18.49,203,303,-353
368,-267,988,24.69,156,341,-353
377,-237,997,24.6,149,312,-366
337,-244,1006,22.47,173,318,-358
379,-289,968,26.21,152,357,-344
416,-279,960,27.54,134,356,-346
352,-259,992,23.78,163,332,-352
477,-286,923,31.11,101,365,-346
469,-266,934,30.3,103,343,-363
469,-236,948,29.1,110,332,-365
474,-285,927,30.86,103,355,-351
434,-237,970,27.2,126,328,-365
480,-256,934,30.25,100,342,-359
447,-228,967,27.42,118,320,-370
412,-238,979,25.91,135,311,-371
369,-262,986,24.64,161,337,-351
342,-305,986,24.93,170,358,-337
466,-264,939,29.71,108,348,-356
398,-183,1000,23.66,147,289,-379
409,-243,976,25.97,138,326,-363
400,-220,988,24.79,145,316,-366
380,-229,991,24.1,152,314,-364
408,-250,970,26.26,136,337,-357
441,-200,969,26.57,125,317,-368
432,-255,962,27.54,127,342,-357
375,-236,993,24.5,153,314,-364
398,-234,985,25.9,144,322,-366
290,-234,1025,19.93,195,309,-354
323,-232,1013,21.39,177,306,-361
347,-237,1006,22.66,165,313,-361
192,-235,1042,16.18,243,299,-339
262,-247,1028,19.28,201,314,-348
217,-203,1049,15.78,224,287,-351
177,-142,1064,11.95,244,247,-362
143,-184,1063,12.32,256,275,-344
129,-178,1068,11.55,270,280,-333
149,-205,1061,13.37,255,286,-339
142,-161,1068,11.29,263,269,-345
101,-98,1072,7.41,284,226,-346
103,-31,1077,5.65,286,192,-357
116,-82,1072,7.51,270,209,-360
98,-62,1075,6.8,288,198,-355
30,-121,1077,6.54,311,229,-328
83,-97,1074,6.71,284,227,-347
157,-104,1061,10.1,257,228,-361
92,-82,1074,6.5,288,222,-347
201,-162,1057,13.68,237,270,-354
221,-187,1051,15.34,226,287,-353
314,-242,1013,21.34,182,319,-352
337,-209,1011,21.38,177,303,-366
402,-277,966,26.82,138,350,-348
399,-263,973,26.13,142,341,-352
319,-284,998,23.17,189,332,-347
430,-238,970,26.87,130,327,-366
458,-278,936,29.78,114,356,-352
397,-260,977,25.9,148,336,-353
395,-208,989,24.29,145,303,-372
374,-241,991,24.15,156,325,-356
428,-262,958,27.64,128,343,-354
420,-252,969,26.81,132,334,-359
435,-240,965,27.23,125,325,-365
446,-264,949,28.67,119,347,-357
454,-278,941,29.52,117,350,-353
455,-275,944,29.39,121,357,-352
525,-288,892,33.87,74,371,-348
527,-286,892,33.92,75,362,-354
546,-269,883,34.57,65,364,-351
537,-246,905,33.14,76,346,-363
505,-259,919,31.72,90,345,-357
525,-274,902,33.31,78,361,-354
501,-284,911,32.29,91,364,-352
498,-264,922,31.44,93,351,-357
489,-255,927,30.77,99,336,-363
491,-269,923,31.23,96,354,-354
454,-264,945,29.9,117,343,-359
462,-277,934,29.98,110,356,-354
492,-268,924,31.26,97,353,-355
462,-270,938,29.73,114,351,-354
468,-252,944,29.39,109,339,-362
447,-235,957,27.85,119,326,-367
447,-254,953,28.37,117,341,-359
326,-261,1001,22.62,180,336,-349
245,-231,1034,17.98,214,307,-349
276,-247,1020,19.92,194,321,-347
340,-230,1009,22.11,171,314,-361
334,-222,1011,21.63,171,310,-363
277,-238,1028,19.53,199,324,-348
171,-189,1058,13.46,251,287,-339
237,-210,1046,16.78,217,296,-348
216,-255,1040,17.78,223,323,-337
164,-154,1067,11.82,251,258,-353
179,-95,1064,10.71,256,231,-361
150,-94,1068,9.37,263,224,-360
43,-132,1082,7.24,302,244,-330
112,-118,1076,8.53,273,233,-354
158,-94,1067,9.69,257,219,-363
95,-104,1075,7.39,281,231,-350
28,-68,1086,3.83,309,203,-337
66,-69,1079,5.1,297,207,-345
55,-93,1077,5.7,299,216,-343
68,-81,1078,5.54,293,210,-349
12,-171,1080,8.96,309,258,-319
139,-63,1070,8.5,269,208,-362
164,-203,1061,13.73,251,274,-347
62,-160,1077,8.98,295,255,-331
213,-174,1053,14.6,226,266,-362
184,-164,1061,13.1,249,270,-348
238,-192,1044,16.25,221,290,-355
294,-182,1034,18.43,199,285,-363
252,-225,1035,18.1,210,303,-353
340,-259,999,23.15,166,335,-351
374,-257,986,24.69,154,332,-358
473,-254,943,29.64,104,342,-359
385,-273,973,25.85,149,342,-350
479,-294,923,31.38,97,367,-345
432,-259,962,27.63,129,338,-359
374,-247,990,24.36,156,321,-361
406,-244,978,25.83,140,328,-362
480,-273,931,30.7,103,358,-356
420,-262,962,27.26,132,339,-358
395,-249,981,25.43,140,325,-363
424,-250,969,26.95,127,330,-364
